parent_name,parent_smiles,parent_inchi,metabolite_name,metabolite_smiles,metabolite_inchi,enzymes,fingerprint_similarity,reaction_type
Ascorbic acid,O=C1OC(C(O)CO)C(O)=C1O,CIWBSHSKHKDKBQ-JLAZNSOCSA-N,ascorbic acid-2-sulfate,O=C1OC(C(O)CO)C(O)=C1OS(=O)(=O)O,XDBMXUKHMOFBPJ-VVJJHMBFSA-N,,0.65,
Ornithine,NCCCC(N)C(=O)O,AHLPHDHHMVZTML-BYPYZUCNSA-N,L-Arginine,N=C(N)NCCCC(N)C(=O)O,ODKSFYDXXFIFQN-BYPYZUCNSA-N,,0.62,
Folic acid,NC1=NC(=O)C2=NC(CNC3=CC=C(C(=O)NC(CCC(=O)O)C(=O)O)C=C3)=CN=C2N1,OVBPIULPVIDEAO-LBPRGKRZSA-N,Tetrahydrofolic acid,NC1=NC(=O)C2=C(NCC(CNC3=CC=C(C(=O)NC(CCC(=O)O)C(=O)O)C=C3)N2)N1,"InChI=1S/C19H23N7O6/c20-19-25-15-14(17(30)26-19)23-11(8-22-15)7-21-10-3-1-9(2-4-10)16(29)24-12(18(31)32)5-6-13(27)28/h1-4,11-12,21,23H,5-8H2,(H,24,29)(H,27,28)(H,31,32)(H4,20,22,25,26,30)/t11?,12-/m0/s1",Dihydrofolate reductase,0.54,
Cholecalciferol,C=C1CCC(O)CC1=CC=C1CCCC2(C)C1CCC2C(C)CCCC(C)C,QYSXJUFSXHHAJI-YRZJJWOYSA-N,"(23S)-23,25-dihdroxy-24-oxovitamine D3 23-(beta-glucuronide)",C=C1CCC(O)CC1=CC=C1CCCC2(C)C1CCC2C(C)CC(OC1OC(C(=O)O)C(O)C(O)C1O)C(=O)C(C)(C)O,USYNZBLVOOXNSN-ARRWHRBTSA-N,,0.44,
Calcifediol,C=C1CCC(O)CC1=CC=C1CCCC2(C)C1CCC2C(C)CCCC(C)(C)O,JWUBBDSIWDLEOM-DTOXIADCSA-N,Calcitriol,C=C1C(=CC=C2CCCC3(C)C2CCC3C(C)CCCC(C)(C)O)CC(O)CC1O,GMRQFYUYWCNGIN-NKMMMXOESA-N,"25-hydroxyvitamin D-1 alpha hydroxylase, mitochondrial",0.87,
Fluvoxamine,COCCCCC(=NOCCN)C1=CC=C(C(F)(F)F)C=C1,CJOFXWAVKWHTFT-XSFVSMFZSA-N,fluvoxamino acid,NCCON=C(CCCC(=O)O)C1=CC=C(C(F)(F)F)C=C1,KUIZEDQDELAFQK-XDHOZWIPSA-N,Cytochrome P450 1A2,0.91,
Valsartan,CCCCC(=O)N(CC1=CC=C(C2=CC=CC=C2C2=NNN=N2)C=C1)C(C(=O)O)C(C)C,ACWBQPMHZXGDFX-QFIPXVFZSA-N,Valeryl-4-hydroxyvalsartan,CC(O)CCC(=O)N(CC1=CC=C(C2=CC=CC=C2C2=NNN=N2)C=C1)C(C(=O)O)C(C)C,ICSQZMPILLPFKC-XLDIYJRPSA-N,Cytochrome P450 2C9,0.98,
Ramipril,CCOC(=O)C(CCC1=CC=CC=C1)NC(C)C(=O)N1C(C(=O)O)CC2CCCC21,HDACQVRGBOVJII-JBDAPHQKSA-N,Ramiprilat,CC(NC(CCC1=CC=CC=C1)C(=O)O)C(=O)N1C(C(=O)O)CC2CCCC21,KEDYTOTWMPBSLG-HILJTLORSA-N,Liver esterases,0.92,
Amphetamine,CC(N)CC1=CC=CC=C1,KWTSXDURSIMDCE-UHFFFAOYSA-N,4-hydroxyamphetamine,CC(N)CC1=CC=C(O)C=C1,GIKNHHRFLCDOEU-UHFFFAOYSA-N,Cytochrome P450 2D6,0.73,
Nicotine,CN1CCCC1C1=CN=CC=C1,SNICXCGAKADSCV-JTQLQIEISA-N,N-Methylnicotinium,CN1CCCC1C1=CC=C[N+](C)=C1,HIOROZIUERMMRQ-UHFFFAOYSA-N,,0.82,
Lorazepam,O=C1NC2=C(C=C(Cl)C=C2)C(C2=CC=CC=C2Cl)=NC1O,DIWRORZWFLOCLC-UHFFFAOYSA-N,Lorazepam glucuronide,O=C(O)C1OC(OC2N=C(C3=CC=CC=C3Cl)C3=C(C=CC(Cl)=C3)N=C2O)C(O)C(O)C1O,IWOJSSFCRQKNKN-IFBJMGMISA-N,,0.52,
Bortezomib,CC(C)CC(NC(=O)C(CC1=CC=CC=C1)NC(=O)C1=CN=CC=N1)B(O)O,GXJABQQUPOEUTA-RDJZCZTQSA-N,Bortezomib metabolite M1,CC(C)CC(O)NC(=O)C(CC1=CC=CC=C1)NC(=O)C1=CN=CC=N1,NEIDLJIPMZVISC-DOTOQJQBSA-N,"Cytochrome P450 2C9, Cytochrome P450 2C19, Cytochrome P450 2D6, Cytochrome P450 3A4",0.77,
Carbidopa,CC(CC1=CC(O)=C(O)C=C1)(NN)C(=O)O,TZFNLOMSOLWIDK-JTQLQIEISA-N,"3,4-Dihydroxyphenylacetone",CC(=O)CC1=CC(O)=C(O)C=C1,JQXBETDGCMQLMK-UHFFFAOYSA-N,,0.45,
Tramadol,COC1=CC=CC(C2(O)CCCCC2CN(C)C)=C1,TVYLLZQTGLZFBW-UHFFFAOYSA-N,O-Desmethyltramadol,CN(C)CC1CCCCC1(O)C1=CC(O)=CC=C1,UWJUQVWARXYRCG-UHFFFAOYSA-N,Cytochrome P450 2D6,0.93,
Caffeine,CN1C(=O)C2=C(N=CN2C)N(C)C1=O,RYYVLZVUVIJVGH-UHFFFAOYSA-N,Theobromine,CN1C=NC2=C1C(=O)NC(=O)N2C,"InChI=1S/C7H8N4O2/c1-10-3-8-5-4(10)6(12)9-7(13)11(5)2/h3H,1-2H3,(H,9,12,13)","Cytochrome P450 1A2, Cytochrome P450 2E1",0.9,
Theophylline,CN1C(=O)C2=C(N=CN2)N(C)C1=O,ZFXYFBGIUFBOJW-UHFFFAOYSA-N,1-Methylxanthine,CN1C(=O)NC2=C(NC=N2)C1=O,MVOYJPOZRLFTCP-UHFFFAOYSA-N,Cytochrome P450 1A2,0.82,
Sildenafil,CCCC1=NN(C)C2=C1N=C(C1=CC(S(=O)(=O)N3CCN(C)CC3)=CC=C1OCC)NC2=O,BNRNXUUZRGQAQC-UHFFFAOYSA-N,"N-Desmethyl sildenafil (UK-103,320)",CCCC1=NN(C)C2=C1NC(C1=C(OCC)C=CC(S(=O)(=O)N3CCNCC3)=C1)=NC2=O,UZTKBZXHEOVDRL-UHFFFAOYSA-N,"Cytochrome P450 3A4, Cytochrome P450 2C19, Cytochrome P450 2D6, Cytochrome P450 2C9",0.99,
Ticlopidine,ClC1=CC=CC=C1CN1CCC2=C(C=CS2)C1,PHWBOXQYWZNQIN-UHFFFAOYSA-N,2-Chloroticlopidine,ClC1=CC2=C(CCN(CC3=CC=CC=C3Cl)C2)S1,INYHLAYOOFHUNE-UHFFFAOYSA-N,Myeloperoxidase,0.85,
Midodrine,COC1=CC(C(O)CNC(=O)CN)=C(OC)C=C1,PTKSEFOSCHHMPD-UHFFFAOYSA-N,desglymidodrine,COC1=CC(C(O)CN)=C(OC)C=C1,VFRCNXKYZVQYLX-UHFFFAOYSA-N,,0.81,
Torasemide,CC1=CC(NC2=C(S(=O)(=O)NC(=O)NC(C)C)C=NC=C2)=CC=C1,NGBFQHCMQULJNZ-UHFFFAOYSA-N,Torasemide M1 (hydroxytorsemide),CC(C)NC(=O)NS(=O)(=O)C1=CNC=CC1=NC1=CC=CC(CO)=C1,WCYVLAMJCQZUCR-UHFFFAOYSA-N,"Cytochrome P450 2C8, Cytochrome P450 2C9",0.57,
Eletriptan,CN1CCCC1CC1=CNC2=C1C=C(CCS(=O)(=O)C1=CC=CC=C1)C=C2,PWVXXGRKLHYWKM-LJQANCHMSA-N,N-Desmethyleletriptan,O=S(=O)(CCC1=CC2=C(C=C1)NC=C2CC1CCCN1)C1=CC=CC=C1,HHTDENYTSCXDFO-GOSISDBHSA-N,"Cytochrome P450 2D6, Cytochrome P450 3A4, Cytochrome P450 2C9, Cytochrome P450 2C19",0.96,
Glimepiride,CCC1=C(C)CN(C(=O)NCCC2=CC=C(S(=O)(=O)NC(=O)NC3CCC(C)CC3)C=C2)C1=O,WIGIZIANZCJQQY-RUCARUNLSA-N,Cyclohexyl hydroxymethyl glimepiride,CCC1=C(C)CN(C(=O)NCCC2=CC=C(S(=O)(=O)NC(=O)NC3CCC(CO)CC3)C=C2)C1=O,YUNQMQLWOOVHKI-UHFFFAOYSA-N,Cytochrome P450 2C9,0.97,
Indinavir,CC(C)(C)NC(=O)C1CN(CC2=CN=CC=C2)CCN1CC(O)CC(CC1=CC=CC=C1)C(=O)NC1C2=CC=CC=C2CC1O,CBVCZFGXHXORBI-PXQQMZJSSA-N,Metabolite M6,CC(C)(C)N=C(O)C1CNCCN1CC(O)CC(CC1=CC=CC=C1)C(O)=NC1C2=CC=CC=C2CC1O,MKMGKCALCCOODL-GVPWJHIJSA-N,Cytochrome P450 3A4,0.53,
Temazepam,CN1C(=O)C(O)N=C(C2=CC=CC=C2)C2=C1C=CC(Cl)=C2,SEQDDYPDSLOBDC-UHFFFAOYSA-N,Oxazepam,O=C1NC2=C(C=C(Cl)C=C2)C(C2=CC=CC=C2)=NC1O,ADIMAYPTOBDMTL-UHFFFAOYSA-N,"Cytochrome P450 3A4, Cytochrome P450 2C19",0.87,
Nevirapine,CC1=C2NC(=O)C3=C(N=CC=C3)N(C3CC3)C2=NC=C1,NQDJXKOVJZTUJA-UHFFFAOYSA-N,12-Hydroxynevirapine,OCC1=C2N=C(O)C3=C(N=CC=C3)N(C3CC3)C2=NC=C1,SEBABOMFNCVZGF-UHFFFAOYSA-N,"Cytochrome P450 2C9, Cytochrome P450 2D6, Cytochrome P450 3A4, Cytochrome P450 3A5",0.65,
Mesalazine,NC1=CC(C(=O)O)=C(O)C=C1,KBOPZPXVLCULAV-UHFFFAOYSA-N,N-acetyl-5-ASA (Ac-5-ASA),CC(=O)NC1=CC(C(=O)O)=C(O)C=C1,GEFDRROBUCULOD-UHFFFAOYSA-N,Arylamine N-acetyltransferase 1,0.72,
Dapsone,NC1=CC=C(S(=O)(=O)C2=CC=C(N)C=C2)C=C1,MQJKPEGWNLWLTK-UHFFFAOYSA-N,dapsone hydroxylamine,NC1=CC=C(S(=O)(=O)C2=CC=C(NO)C=C2)C=C1,IYDSJDWESCGRKW-UHFFFAOYSA-N,"Cytochrome P450 2C9, Cytochrome P450 2E1, Cytochrome P450 3A4, Myeloperoxidase, Prostaglandin G/H synthase 2",0.87,
Phenytoin,O=C1NC(=O)C(C2=CC=CC=C2)(C2=CC=CC=C2)N1,CXOFVDLJLONNDW-UHFFFAOYSA-N,Phenytoin arene-oxide,O=C1NC(=O)C(C2=CC3OC3C=C2)(C2=CC=CC=C2)N1,WBRFFCOFWKCXFD-UHFFFAOYSA-N,"Cytochrome P450 2C9, Cytochrome P450 2C19",0.39,
Anagrelide,O=C1CN2CC3=C(Cl)C(Cl)=CC=C3N=C2N1,OTBXOEAOVRKTNQ-UHFFFAOYSA-N,"6,7-dichloro-3-hydroxy-1,5 dihydro-imidazo[2,1-b]quinazolin-2-one",O=C1NC2=NC3=CC=C(Cl)C(Cl)=C3CN2C1O,KAXTUTDKZVOONF-UHFFFAOYSA-N,Cytochrome P450 1A2,0.85,
"6,7-dichloro-3-hydroxy-1,5 dihydro-imidazo[2,1-b]quinazolin-2-one",O=C1NC2=NC3=CC=C(Cl)C(Cl)=C3CN2C1O,KAXTUTDKZVOONF-UHFFFAOYSA-N,"2-amino-5,6-dichloro-3,4,-dihydroquinazoline",NC1=NCC2=C(C=CC(Cl)=C2Cl)N1,VBKOTIVQMCTTAQ-UHFFFAOYSA-N,Cytochrome P450 1A2,0.4,
Metoprolol,COCCC1=CC=C(OCC(O)CNC(C)C)C=C1,IUBSYMUCCVWXPE-UHFFFAOYSA-N,alpha-Hydroxymetoprolol,COCC(O)C1=CC=C(OCC(O)CNC(C)C)C=C1,OFRYBPCSEMMZHR-UHFFFAOYSA-N,Cytochrome P450 2D6,0.83,
Ropinirole,CCCN(CCC)CCC1=C2CC(=O)NC2=CC=C1,UHSKFQJFRQCDBE-UHFFFAOYSA-N,N-despropyl ropinirole,CCCNCCC1=CC=CC2=C1CC(=O)N2,VKDWFHAQOZYATG-UHFFFAOYSA-N,Cytochrome P450 1A2,0.96,
Liothyronine,NC(CC1=CC(I)=C(OC2=CC(I)=C(O)C=C2)C(I)=C1)C(=O)O,AUYYCJSJGJYCDS-LBPRGKRZSA-N,Monoiodothyronine,NC(CC1=CC(I)=C(OC2=CC=C(O)C=C2)C=C1)C(=O)O,,,0.88,
Disopyramide,CC(C)N(CCC(C(N)=O)(C1=CC=CC=C1)C1=NC=CC=C1)C(C)C,UVTNFZQICZKOEM-UHFFFAOYSA-N,mono-isopropyl-disopyramide,CC(C)NCCC(C(=N)O)(C1=CC=CC=C1)C1=CC=CC=N1,UWNSWIXIVDMCHZ-UHFFFAOYSA-N,Cytochrome P450 3A4,0.57,
Lidocaine,CCN(CC)CC(=O)NC1=C(C)C=CC=C1C,NNJVILVZKWQKPM-UHFFFAOYSA-N,3-hydroxylidocaine,CCN(CC)CC(=O)NC1=C(C)C=CC(O)=C1C,PMGUCIDDSCRAMY-UHFFFAOYSA-N,"Cytochrome P450 1A2, Cytochrome P450 3A4, Cytochrome P450 3A7",0.72,
Venlafaxine,COC1=CC=C(C(CN(C)C)C2(O)CCCCC2)C=C1,PNVNVHUZROJLTJ-UHFFFAOYSA-N,Desvenlafaxine,CN(C)CC(C1=CC=C(O)C=C1)C1(O)CCCCC1,KYYIDSXMWOZKMP-UHFFFAOYSA-N,"Cytochrome P450 2D6, Cytochrome P450 2C19",0.96,
Desvenlafaxine,CN(C)CC(C1=CC=C(O)C=C1)C1(O)CCCCC1,KYYIDSXMWOZKMP-UHFFFAOYSA-N,"N,O-Didesmethylvenlafaxine",CNCC(C1=CC=C(O)C=C1)C1(O)CCCCC1,MMSWXJSQCAEDLK-UHFFFAOYSA-N,"Cytochrome P450 3A4, Cytochrome P450 2C19, Cytochrome P450 2C9",0.95,
Tenofovir disoproxil,CC(C)OC(=O)OCOP(=O)(COC(C)CN1C=NC2=C(N)N=CN=C21)OCOC(=O)OC(C)C,JFVZFKDSXNQEJW-CQSZACIVSA-N,Tenofovir Monophosphate,CC(CN1C=NC2=C1N=CN=C2N)OCP(=O)(O)OP(=O)(O)O,BQDRSOMUPPCKPB-ZCFIWIBFSA-N,"Adenylate kinase 2, mitochondrial, Adenylate kinase 4, mitochondrial",0.76,
Desogestrel,C#CC1(O)CCC2C3CCC4=CCCCC4C3C(=C)CC21CC,RPLCPCMSCLEKRS-BPIQYHPVSA-N,6-alpha-hydroxydesogestrel,C#CC1(O)CCC2C3CC(O)C4=CCCCC4C3C(=C)CC21CC,GHFIULBLMLVLDK-GDLCRWSOSA-N,,0.87,
Valproic acid,CCCC(CCC)C(=O)O,NIJJYAXOARWZEE-UHFFFAOYSA-N,4-ene-Valproic acid,C=CCC(CCC)C(=O)O,UMYDNZXEHYSVFY-UHFFFAOYSA-N,"Cytochrome P450 2C9, Cytochrome P450 2A6, Cytochrome P450 2B6",0.67,
Acetaminophen,CC(=O)NC1=CC=C(O)C=C1,RZVAJINKPMORJF-UHFFFAOYSA-N,Acetaminophen glucuronide,CC(=O)NC1=CC=C(OC2OC(C(=O)O)C(O)C(O)C2O)C=C1,IPROLSVTVHAQLE-BYNIDDHOSA-N,"UDP-glucuronosyltransferase 1-9, UDP-glucuronosyltransferase 1-6, UDP-glucuronosyltransferase 1-1, UDP-glucuronosyltransferase 2B15, UDP-glucuronosyltransferase 1-10",0.22,
Codeine,COC1=CC=C2CC3C4C=CC(O)C5OC1=C2C45CCN3C,OROGSEYTTFOCAN-DNJOTXNNSA-N,norcodeine,COC1=CC=C2CC3NCCC45C2=C1OC4C(O)C=CC35,HKOIXWVRNLGFOR-KUYPYUECSA-N,Cytochrome P450 3A4,0.98,
Amitriptyline,CN(C)CCC=C1C2=CC=CC=C2CCC2=CC=CC=C12,KRMDCWKBEZIMAB-UHFFFAOYSA-N,Nortriptyline,CNCCC=C1C2=CC=CC=C2CCC2=CC=CC=C12,PHVGLTMQBUFIQQ-UHFFFAOYSA-N,"Cytochrome P450 2C9, Cytochrome P450 2C19, Cytochrome P450 1A2, Cytochrome P450 3A4, Cytochrome P450 2D6, Cytochrome P450 2B6, Cytochrome P450 2C8",0.99,
Nortriptyline,CNCCC=C1C2=CC=CC=C2CCC2=CC=CC=C12,PHVGLTMQBUFIQQ-UHFFFAOYSA-N,E-10-Hydroxynortriptyline,CNCCC=C1C2=CC=CC=C2CC(O)C2=CC=CC=C12,VAGXZGJKNUNLHK-LFIBNONCSA-N,Cytochrome P450 2D6,0.73,
Floxuridine,O=C1NC(=O)N(C2CC(O)C(CO)O2)C=C1F,ODKNJVUHOIMIIZ-RRKCRQDMSA-N,5-fluorouracil,O=C1NC=C(F)C(=O)N1,GHASVSINZRGABV-UHFFFAOYSA-N,"Thymidine phosphorylase, Cytochrome P450 2A6",0.22,
Hydromorphone,CN1CCC23C4=C5C=CC(O)=C4OC2C(=O)CCC3C1C5,WVLOADHCBXTIJK-YNHQPCIGSA-N,Hydromorphone-3-glucuronide,CN1CCC23C4=C5C=CC(OC6OC(C(=O)O)C(O)C(O)C6O)=C4OC2C(=O)CCC3C1C5,VLSHIBYUEOPPRX-UHFFFAOYSA-N,"UDP-glucuronosyltransferase 1-3, UDP-glucuronosyltransferase 2B7",0.87,
Indomethacin,COC1=CC2=C(C=C1)N(C(=O)C1=CC=C(Cl)C=C1)C(C)=C2CC(=O)O,CGIGDMFJXJATDK-UHFFFAOYSA-N,5-Hydroxyindomethacin,CC1=C(CC(=O)O)C2=C(C=CC(O)=C2)N1C(=O)C1=CC=C(Cl)C=C1,KMLNWQPYFBIALN-UHFFFAOYSA-N,"Cytochrome P450 2C9, Cytochrome P450 2C19",0.97,
Ipratropium,CC(C)[N+]1(C)C2CCC1CC(OC(=O)C(CO)C1=CC=CC=C1)C2,OEXHQOGQTVQTAT-BHIXFJMTSA-N,N-isopropylnortropium methobromide,C=C(C(=O)OC1CC2CCC(C1)[N+]2(C)C(C)C)C1=CC=CC=C1,APBFGXKTZSOWLK-JRJNBHHRSA-N,,0.72,
Methadone,CCC(=O)C(CC(C)N(C)C)(C1=CC=CC=C1)C1=CC=CC=C1,USSIQXCVUWKGNF-UHFFFAOYSA-N,"2-Ethyl-1,5-dimethyl-3,3-diphenylpyrrolinium (EDDP)",CC=C1N(C)C(C)CC1(C1=CC=CC=C1)C1=CC=CC=C1,AJRJPORIQGYFMT-RMOCHZDMSA-N,"Cytochrome P450 2D6, Cytochrome P450 3A4, Cytochrome P450 2B6, Cytochrome P450 2C8, Cytochrome P450 2C19, Cytochrome P450 2C9",0.45,
Olanzapine,CC1=CC2=C(NC3=CC=CC=C3N=C2N2CCN(C)CC2)S1,KVWDHTXUZHCGIO-UHFFFAOYSA-N,7-hydroxyolanzapine,CC1=CC2=C(NC3=C(C=C(O)C=C3)N=C2N2CCN(C)CC2)S1,SMNUCABXNXAPBY-UHFFFAOYSA-N,Cytochrome P450 1A2,0.96,
Pyrazinamide,NC(=O)C1=NC=CN=C1,IPEHBUMCGVEMRF-UHFFFAOYSA-N,5-hydroxypyrazinamide,NC(=O)C1=CNC(=O)C=N1,XENWQEOTDAQROM-UHFFFAOYSA-N,Aldehyde oxidase,0.69,
Terfenadine,CC(C)(C)C1=CC=C(C(O)CCCN2CCC(C(O)(C3=CC=CC=C3)C3=CC=CC=C3)CC2)C=C1,GUGOEEXESWIERI-UHFFFAOYSA-N,fexofenadine,CC(C)(C(=O)O)C1=CC=C(C(O)CCCN2CCC(C(O)(C3=CC=CC=C3)C3=CC=CC=C3)CC2)C=C1,RWTNPBWLLIMQHL-UHFFFAOYSA-N,Cytochrome P450 3A4,0.85,
Trimethadione,CN1C(=O)OC(C)(C)C1=O,IRYJRGCIQBGHIV-UHFFFAOYSA-N,dimethadione,CC1(C)OC(=O)N=C1O,JYJFNDQBESEHJQ-UHFFFAOYSA-N,"Cytochrome P450 2E1, Cytochrome P450 3A4, Cytochrome P450 2C8, Cytochrome P450 2C9, Cytochrome P450 2C19",0.17,
Clobazam,CN1C(=O)CC(=O)N(C2=CC=CC=C2)C2=C1C=CC(Cl)=C2,CXOXHMZGEKVPMT-UHFFFAOYSA-N,N-desmethylclobazam,O=C1CC(=O)N(C2=CC=CC=C2)C2=C(C=CC(Cl)=C2)N1,RRTVVRIFVKKTJK-UHFFFAOYSA-N,"Cytochrome P450 2C19, Cytochrome P450 3A4, Cytochrome P450 2B6, Cytochrome P450 3A5, Cytochrome P450 3A7, Cytochrome P450 1A2, Cytochrome P450 2C8, Cytochrome P450 2C9, Cytochrome P450 2D6, Cytochrome P450 2C18",0.85,
Tioguanine,NC1=NC(=S)C2=C(N=CN2)N1,WYWHKKSPHMUBEB-UHFFFAOYSA-N,Thioguanosine monophosphate,NC1=NC(=S)C2=C(N1)N(C1OC(COP(=O)(O)O)C(O)C1O)C=N2,BPZXYEUJBFHASJ-UUOKFMHZSA-N,Hypoxanthine-guanine phosphoribosyltransferase,0.34,
Chlorzoxazone,O=C1NC2=C(C=CC(Cl)=C2)O1,TZFWDZFKRBELIQ-UHFFFAOYSA-N,6-hydroxychlorzoxazone,OC1=NC2=C(C=C(O)C(Cl)=C2)O1,AGLXDWOTVQZHIQ-UHFFFAOYSA-N,Cytochrome P450 2E1,0.52,
Mefloquine,OC(C1=CC(C(F)(F)F)=NC2=C1C=CC=C2C(F)(F)F)C1CCCCN1,XEEQGYMUWCZPDN-UHFFFAOYSA-N,"2,8-bis-trifluoromethyl-4-quinoline carboxylic acid",O=C(O)C1=CC(C(F)(F)F)=NC2=C1C=CC=C2C(F)(F)F,QJTJIQBSZLFWFS-UHFFFAOYSA-N,Cytochrome P450 3A4,0.65,
Clozapine,CN1CCN(C2=NC3=CC(Cl)=CC=C3NC3=CC=CC=C23)CC1,QZUDBNBUXVUHMW-UHFFFAOYSA-N,Clozapine N-oxide,C[N+]1([O-])CCN(C2=NC3=C(C=CC(Cl)=C3)NC3=CC=CC=C23)CC1,OGUCZBIQSYYWEF-UHFFFAOYSA-N,"Cytochrome P450 3A4, Cytochrome P450 1A2, Dimethylaniline monooxygenase [N-oxide-forming] 3, Cytochrome P450 2C19, Cytochrome P450 3A5, Cytochrome P450 2D6, Cytochrome P450 2C9, Cytochrome P450 2E1",0.95,
Norepinephrine,NCC(O)C1=CC(O)=C(O)C=C1,SFLSHLFXELFNJZ-QMMMGPOBSA-N,Norepinephrine sulfate,NCC(O)C1=CC(O)=C(OS(=O)(=O)O)C=C1,CVJMZWLHUCMEKO-ZETCQYMHSA-N,,0.63,
Mirtazapine,CN1CCN2C3=C(C=CC=N3)CC3=CC=CC=C3C2C1,RONZAEMNMFQXRA-UHFFFAOYSA-N,mirtazapine-N-oxide,C[N+]1([O-])CCN2C3=C(C=CC=N3)CC3=CC=CC=C3C2C1,GAFCUVMEBFTFQJ-UHFFFAOYSA-N,Cytochrome P450 3A4,0.93,
Dydrogesterone,CC(=O)C1CCC2C3C=CC4=CC(=O)CCC4(C)C3CCC12C,"InChI=1S/C21H28O2/c1-13(22)17-6-7-18-16-5-4-14-12-15(23)8-10-20(14,2)19(16)9-11-21(17,18)3/h4-5,12,16-19H,6-11H2,1-3H3/t16-,17+,18-,19+,20+,21+/m0/s1",20-dihydrodydrogesterone,C=C1C=C2C=CC3C(CCC4(C)C(C(C)C)CCC34)C2(C)CC1,YUDUQGLCBDGGNA-UHFFFAOYSA-N,,0.65,
Mexiletine,CC1=C(OCC(C)N)C(C)=CC=C1,VLPIATFUUWWMKC-UHFFFAOYSA-N,2-hydroxymexiletine,CC1=C(OCC(C)N)C(CO)=CC=C1,XMJYSMLLWRQQAE-UHFFFAOYSA-N,"Cytochrome P450 1A2, Cytochrome P450 2D6",0.77,
Tacrine,NC1=C2CCCCC2=NC2=CC=CC=C12,YLJREFDVOIBQDA-UHFFFAOYSA-N,1-hydroxytacrine,N=C1C2=C(CCCC2O)NC2=CC=CC=C12,HLVVITIHAZBPKB-UHFFFAOYSA-N,Cytochrome P450 1A2,0.58,
Valrubicin,CCCCC(=O)OCC(=O)C1(O)CC2=C(O)C3=C(C(=O)C4=C(OC)C=CC=C4C3=O)C(O)=C2C(OC2CC(NC(=O)C(F)(F)F)C(O)C(C)O2)C1,ZOCKGBMQLCSHFP-KQRAQHLDSA-N,N-trifluoroacetyladriamycinol,COC1=CC=CC2=C1C(=O)C1=C(C2=O)C(O)=C2CC(O)(C(O)CO)CC(OC3CC(N=C(O)C(F)(F)F)C(O)C(C)O3)C2=C1O,TWMWXCYMYAQOTO-UHFFFAOYSA-N,,0.88,
Digoxin,CC1OC(OC2C(O)CC(OC3C(O)CC(OC4CCC5(C)C(CCC6C5CC(O)C5(C)C(C7=CC(=O)OC7)CCC65O)C4)OC3C)OC2C)CC(O)C1O,LTMHDMANZUZIPE-PUGKRICDSA-N,Dihydrodigoxin,CC1OC(OC2C(O)CC(OC3C(O)CC(OC4CCC5(C)C(CCC6C5CC(O)C5(C)C(C7COC(=O)C7)CCC65O)C4)OC3C)OC2C)CC(O)C1O,,,0.71,
Carisoprodol,CCCC(C)(COC(N)=O)COC(=O)NC(C)C,OFZCIYFFPZCNJE-UHFFFAOYSA-N,Meprobamate,CCCC(C)(COC(N)=O)COC(N)=O,NPPQSCRMBWNHMW-UHFFFAOYSA-N,Cytochrome P450 2C19,0.72,
Progesterone,CC(=O)C1CCC2C3CCC4=CC(=O)CCC4(C)C3CCC12C,RJKFOVLPORLFTN-LEKSSAKUSA-N,6Î²-Hydroxyprogesterone,CC(=O)C1CCC2C3CC(O)C4=CC(=O)CCC4(C)C3CCC12C,PWCLWZOSAFOXFL-UHPWKVKZSA-N,Cytochrome P450 3A4,0.73,
Sorafenib,CNC(=O)C1=NC=CC(OC2=CC=C(NC(=O)NC3=CC(C(F)(F)F)=C(Cl)C=C3)C=C2)=C1,MLDQJTXFUGDVEO-UHFFFAOYSA-N,Sorafenib N-oxide,CNC(=O)C1=[N+]([O-])C=CC(OC2=CC=C(NC(=O)NC3=CC=C(Cl)C(C(F)(F)F)=C3)C=C2)=C1,,Cytochrome P450 3A4,0.88,
Griseofulvin,COC1=CC(=O)CC(C)C12OC1=C(C2=O)C(OC)=CC(OC)=C1Cl,DDUHZTYCFQRHIY-RBHXEPJQSA-N,6-methyl-griseofulvin,COC1=CC(=O)CC(C)C12OC1=C(C2=O)C(OC)=CC(C)=C1Cl,QNPINWFXONNRKM-XLFHBGCDSA-N,,0.97,
Eszopiclone,CN1CCN(C(=O)OC2C3=NC=CN=C3C(=O)N2C2=NC=C(Cl)C=C2)CC1,GBBSUAFBMRNDJC-INIZCTEOSA-N,Zopiclone N-oxide,C[N+]1([O-])CCN(C(=O)OC2C3=C(N=CC=N3)C(=O)N2C2=NC=C(Cl)C=C2)CC1,IPTIKKTXLHVRKN-UHFFFAOYSA-N,"Cytochrome P450 3A4, Cytochrome P450 2E1",0.98,
Alprazolam,CC1=NN=C2CN=C(C3=CC=CC=C3)C3=C(C=CC(Cl)=C3)N12,VREFGVBLTWBCJP-UHFFFAOYSA-N,4-hydroxyalprazolam,CC1=NN=C2C(O)N=C(C3=CC=CC=C3)C3=C(C=CC(Cl)=C3)N12,CEYGCFLPQFNPST-UHFFFAOYSA-N,"Cytochrome P450 3A4, Cytochrome P450 3A5, Cytochrome P450 2C9",0.87,
Rosiglitazone,CN(CCOC1=CC=C(CC2SC(=O)NC2=O)C=C1)C1=CC=CC=N1,YASAKCUCGLMORW-UHFFFAOYSA-N,Phenoxyacetic acid derivative of rosiglitazone,O=C(O)COC1=CC=C(CC2SC(=O)NC2=O)C=C1,SXAASESEPRXRTR-UHFFFAOYSA-N,,0.71,
Acetohexamide,CC(=O)C1=CC=C(S(=O)(=O)NC(=O)NC2CCCCC2)C=C1,VGZSUPCWNCWDAN-UHFFFAOYSA-N,Hydroxyhexamide,CC(O)C1=CC=C(S(=O)(=O)NC(=O)NC2CCCCC2)C=C1,VQDAEOYLIBGCHE-UHFFFAOYSA-N,,0.85,
Phenoxymethylpenicillin,CC1(C)SC2C(NC(=O)COC3=CC=CC=C3)C(=O)N2C1C(=O)O,BPLBGHOLXOTWMN-MBNYWOFBSA-N,6-aminopenicillanic acid,CC1(C)SC2C(N)C(=O)N2C1C(=O)O,NGHVIOIJCVXTGV-ALEPSDHESA-N,,0.85,
Promazine,CN(C)CCCN1C2=CC=CC=C2SC2=CC=CC=C21,ZGUGWUXLJSTTMA-UHFFFAOYSA-N,3-Hydroxypromazine,CN(C)CCCN1C2=CC=CC=C2SC2=CC(O)=CC=C21,FCWHSDRYYOAXGG-UHFFFAOYSA-N,,0.86,
Zolpidem,CC1=CC=C(C2=C(CC(=O)N(C)C)N3C=C(C)C=CC3=N2)C=C1,ZAFYATHCZYHLPB-UHFFFAOYSA-N,Methoxyzolpidem derivative (M3),CC1=CN2C(CC(=O)N(C)C)=C(C3=CC=C(CO)C=C3)N=C2C=C1,MKLBTYQCCMFWQI-UHFFFAOYSA-N,"Cytochrome P450 2C9, Cytochrome P450 2C19, Cytochrome P450 3A4, Cytochrome P450 1A2, Cytochrome P450 2D6",0.98,
Famciclovir,CC(=O)OCC(CCN1C=NC2=CN=C(N)N=C21)COC(C)=O,GGXKWVWZWMLJEH-UHFFFAOYSA-N,6-oxo-famciclovir,CC(=O)OCC(CCN1C=NC2=C1NC(=N)N=C2O)COC(C)=O,KQURMIWGELPUHQ-UHFFFAOYSA-N,Aldehyde oxidase,0.65,
Trifluridine,O=C1NC(=O)N(C2CC(O)C(CO)O2)C=C1C(F)(F)F,VSQQQLOSPVPRAZ-RRKCRQDMSA-N,5-carboxy-2'-deoxyuridine,O=C(O)C1=CN(C2CC(O)C(CO)O2)C(=O)N=C1O,GAGYTXTVUMXAOC-XVMARJQXSA-N,,0.69,
Gemcitabine,NC1=NC(=O)N(C2OC(CO)C(O)C2(F)F)C=C1,SDUQYLNIPVEERB-QPPQHZFASA-N,"2',2'-Difluorodeoxyuridine",O=C1N=C(O)C=CN1C1OC(CO)C(O)C1(F)F,,Cytidine deaminase,0.87,
Lansoprazole,CC1=C(OCC(F)(F)F)C=CN=C1CS(=O)C1=NC2=CC=CC=C2N1,MJIHNNLFOKEZEW-UHFFFAOYSA-N,Hydroxylansoprazole,CC1=C(OCC(F)(F)F)C=CN=C1CS(=O)C1=NC2=CC(O)=CC=C2N1,,"Cytochrome P450 2C19, Cytochrome P450 2C9, Cytochrome P450 3A4, Cytochrome P450 2C8",0.94,
Levothyroxine,NC(CC1=CC(I)=C(OC2=CC(I)=C(O)C(I)=C2)C(I)=C1)C(=O)O,XUIIKFGFIJCVMT-LBPRGKRZSA-N,Liothyronine,NC(CC1=CC(I)=C(OC2=CC(I)=C(O)C=C2)C(I)=C1)C(=O)O,AUYYCJSJGJYCDS-LBPRGKRZSA-N,Thyroxine 5-deiodinase,0.99,
Loratadine,CCOC(=O)N1CCC(=C2C3=C(C=C(Cl)C=C3)CCC3=C2N=CC=C3)CC1,JCCNYMKQOSZNPW-UHFFFAOYSA-N,Descarboethoxyloratadine,ClC1=CC2=C(C=C1)C(=C1CCNCC1)C1=C(C=CC=N1)CC2,JAUOIFJMECXRGI-UHFFFAOYSA-N,"Cytochrome P450 3A4, Cytochrome P450 2D6, Cytochrome P450 2C19, Cytochrome P450 1A1",0.91,
Prazosin,COC1=C(OC)C=C2C(N)=NC(N3CCN(C(=O)C4=CC=CO4)CC3)=NC2=C1,IENZQIKPVFGBNW-UHFFFAOYSA-N,"2,4-diamino-6,7-dimethoxyquinazoline",COC1=C(OC)C=C2C(N)=NC(N)=NC2=C1,ZCIPYVXKMWNKLZ-UHFFFAOYSA-N,,0.63,
Imipramine,CN(C)CCCN1C2=CC=CC=C2CCC2=CC=CC=C21,BCGWQEUPMDMJNV-UHFFFAOYSA-N,Desipramine,CNCCCN1C2=CC=CC=C2CCC2=CC=CC=C21,HCYAFALTSJYZDH-UHFFFAOYSA-N,"Cytochrome P450 1A2, Cytochrome P450 2C19, Cytochrome P450 3A4",0.99,
Ketorolac,O=C(C1=CC=CC=C1)C1=CC=C2C(C(=O)O)CCN12,OZWKMVRBQXNZKK-UHFFFAOYSA-N,4-hydroxy ketorolac,O=C(C1=CC=C(O)C=C1)C1=CC=C2C(C(=O)O)CCN12,PIQMOWBWPFGZMW-UHFFFAOYSA-N,,0.97,
Quinine,C=CC1CN2CCC1CC2C(O)C1=CC=NC2=CC=C(OC)C=C12,LOUPRKONTZGTKE-WZBLMQSHSA-N,3-hydroxyquinine,C=CC1(O)CN2CCC1CC2C(O)C1=CC=NC2=CC=C(OC)C=C12,BSRUJCFCZKMFMB-YGHPHNMRSA-N,Cytochrome P450 3A4,0.89,
Tenoxicam,CN1C(C(=O)NC2=CC=CC=N2)=C(O)C2=C(C=CS2)S1(=O)=O,LZNWYQJJBLGYLT-UHFFFAOYSA-N,5'-Hydroxytenoxicam,CN1C(=C(O)NC2=NC=C(O)C=C2)C(=O)C2=C(C=CS2)S1(=O)=O,INPPRTDYEGRTIU-RAXLEYEMSA-N,Cytochrome P450 2C9,0.63,
Dronabinol,CCCCCC1=CC2=C(C(O)=C1)C1C=C(C)CCC1C(C)(C)O2,CYQFCXCEBYINGO-IAGOWNOFSA-N,11-Hydroxy-delta-9-THC,CCCCCC1=CC(O)=C2C(=C1)OC(C)(C)C1CCC(CO)=CC21,YCBKSSAWEUDACY-UHFFFAOYSA-N,"Cytochrome P450 3A4, Cytochrome P450 2C19, Cytochrome P450 2C9",0.97,
Montelukast,CC(C)(O)C1=CC=CC=C1CCC(SCC1(CC(=O)O)CC1)C1=CC=CC(C=CC2=NC3=C(C=CC(Cl)=C3)C=C2)=C1,UCHDWCPVSPXUMX-TZIWLTJVSA-N,Montelukast metabolite M1,CC(C)(O)C1=CC=CC=C1CCC(SCC1(CC(=O)OC2OC(C(=O)O)C(O)C(O)C2O)CC1)C1=CC=CC(C=CC2=NC3=C(C=CC(Cl)=C3)C=C2)=C1,SXJRVQZUUOADNS-FCHGAEMMSA-N,,0.75,
Fluoxetine,CNCCC(OC1=CC=C(C(F)(F)F)C=C1)C1=CC=CC=C1,RTHCYVBBDHJXIQ-UHFFFAOYSA-N,Fluoxetine glucuronide,CN(CCC(OC1=CC=C(C(F)(F)F)C=C1)C1=CC=CC=C1)C1OC(C(=O)O)C(O)C(O)C1O,ROQAUFRWFXOLOE-GDBUUVARSA-N,UDP-glucuronosyltransferases (UGTs),0.45,
Chlorpromazine,CN(C)CCCN1C2=CC=CC=C2SC2=C1C=C(Cl)C=C2,ZPEIMTDSQAKGNT-UHFFFAOYSA-N,hydroxychlorpromazine,CN(C)CCCN1C2=C(C=C(O)C=C2)SC2=C1C=C(Cl)C=C2,HICFFJZGXWEIHN-UHFFFAOYSA-N,Cytochrome P450 2D6,0.89,
Celecoxib,CC1=CC=C(C2=CC(C(F)(F)F)=NN2C2=CC=C(S(N)(=O)=O)C=C2)C=C1,RZEKVGVHFLEQIL-UHFFFAOYSA-N,Hydroxycelecoxib,NS(=O)(=O)C1=CC=C(N2N=C(C(F)(F)F)C=C2C2=CC=C(CO)C=C2)C=C1,ICRSYPPLGADZKA-UHFFFAOYSA-N,"Cytochrome P450 2C9, Cytochrome P450 3A4, Cytochrome P450 2D6, Cytochrome P450 2C8",0.98,
Brimonidine,BrC1=C(NC2=NCCN2)C=CC2=NC=CN=C12,XYLJNLCSTIOKRM-UHFFFAOYSA-N,2-oxobrimonidine,O=C1C=NC2=C(C=CC(NC3=NCCN3)=C2Br)N1,BUVCZMAMYHMOPB-UHFFFAOYSA-N,Aldehyde oxidase,0.9,
Buspirone,O=C1CC2(CCCC2)CC(=O)N1CCCCN1CCN(C2=NC=CC=N2)CC1,QWCRAEMEVRGPNT-UHFFFAOYSA-N,1-Pyrimidinylpiperazine,C1=CN=C(N2CCNCC2)N=C1,MRBFGEHILMYPTF-UHFFFAOYSA-N,Cytochrome P450 3A4,0.42,
Fosinopril,CCC(=O)OC(OP(=O)(CCCCC1=CC=CC=C1)CC(=O)N1CC(C2CCCCC2)CC1C(=O)O)C(C)C,BIDNLKIUORFRQP-FLODCBCLSA-N,Fosinoprilat,O=C(O)C1CC(C2CCCCC2)CN1C(=O)CP(=O)(O)CCCCC1=CC=CC=C1,WOIWWYDXDVSWAZ-RTWAWAEBSA-N,,0.76,
Cefotaxime,CON=C(C(=O)NC1C(=O)N2C(C(=O)O)=C(COC(C)=O)CSC12)C1=CSC(N)=N1,GPRBEKHLDVQUJE-QSWIMTSFSA-N,Desacetyl-cefotaxime,CON=C(C(O)=NC1C(=O)N2C(C(=O)O)=C(CO)CSC12)C1=CSC(=N)N1,FHYWAOQGXIZAAF-GHXIOONMSA-N,,0.76,
Zidovudine,CC1=CN(C2CC(N=[N+]=[N-])C(CO)O2)C(=O)NC1=O,HBOMLICNUCNMMY-XLPZGREQSA-N,3'-azido-3'-deoxy-5'- O-beta-D-glucopyranuronosylthymidine,CC1=CN(C2CC(N=[N+]=[N-])C(COC3OC(C(=O)O)C(O)C(O)C3O)O2)C(=O)N=C1O,NFXAJWJJNLWLOV-OTQDERTISA-N,,0.69,
Oxycodone,COC1=C2OC3C(=O)CCC4(O)C5CC(=C2C34CCN5C)C=C1,BRUQQQPBMZOVGD-XFKAJCMBSA-N,noroxycodone,COC1=C2OC3C(=O)CCC4(O)C5CC(=C2C34CCN5)C=C1,RIKMCJUNPCRFMW-ISWURRPUSA-N,Cytochrome P450 3A4,0.98,
Flutamide,CC(C)C(=O)NC1=CC(C(F)(F)F)=C([N+](=O)[O-])C=C1,MKXKFYHWDHIYRV-UHFFFAOYSA-N,2-hydroxyflutamide,CC(C)(O)C(O)=NC1=CC(C(F)(F)F)=C([N+](=O)[O-])C=C1,YPQLFJODEKMJEF-UHFFFAOYSA-N,Cytochrome P450 1A2,0.57,
Tolmetin,CC1=CC=C(C(=O)C2=CC=C(CC(=O)O)N2C)C=C1,UPSPUYADGBWSHF-UHFFFAOYSA-N,Tolmetin glucuronide,CC1=CC=C(C(=O)C2=CC=C(CC(=O)OC3OC(C(=O)O)C(O)C(O)C3O)N2C)C=C1,MEFIGCPEYJZFFC-ZFORQUDYSA-N,,0.64,
Haloperidol,O=C(CCCN1CCC(O)(C2=CC=C(Cl)C=C2)CC1)C1=CC=C(F)C=C1,LNEPOXFFQSENCJ-UHFFFAOYSA-N,4-(4-Chlorophenyl)-1-[4-(4-fluorophenyl)-4-oxobutyl]-pyridinium (HPP+),O=C(CCCN1C=CC(=C2C=CC(=[Cl+])C=C2)C=C1)C1=CC=C(F)C=C1,KAPIKUHBALFONG-UHFFFAOYSA-N,Cytochrome P450 3A4,0.42,
Ritonavir,CC(C)C1=NC(CN(C)C(=O)NC(C(=O)NC(CC2=CC=CC=C2)CC(O)C(CC2=CC=CC=C2)NC(=O)OCC2=CN=CS2)C(C)C)=CS1,NCDNCNXCDXHOMX-XGKFQTDJSA-N,Ritonavir metabolite M1,CC(C)C1=NC(CN(C)C(=O)NC(C(=O)NC(CC2=CC=CC=C2)CC(O)C(N)CC2=CC=CC=C2)C(C)C)=CS1,IQKWCORIMSRQGZ-AMEOFWRWSA-N,"Cytochrome P450 3A5, Cytochrome P450 3A4",0.86,
Aminocaproic acid,NCCCCCC(=O)O,SLXKOJJOQWFEFD-UHFFFAOYSA-N,Adipic acid,O=C(O)CCCCC(=O)O,WNLRTRBMVRJNCN-UHFFFAOYSA-N,,0.69,
Dextromethorphan,COC1=CC2=C(C=C1)CC1C3CCCCC23CCN1C,MKXZASYAUGDDCJ-NJAFHUGGSA-N,Dextrorphan,CN1CCC23CCCCC2C1CC1=C3C=C(O)C=C1,"InChI=1S/C17H23NO/c1-18-9-8-17-7-3-2-4-14(17)16(18)10-12-5-6-13(19)11-15(12)17/h5-6,11,14,16,19H,2-4,7-10H2,1H3/t14-,16+,17+/m1/s1","Cytochrome P450 2D6, Cytochrome P450 2C9",0.96,
Dextrorphan,CN1CCC23CCCCC2C1CC1=C3C=C(O)C=C1,"InChI=1S/C17H23NO/c1-18-9-8-17-7-3-2-4-14(17)16(18)10-12-5-6-13(19)11-15(12)17/h5-6,11,14,16,19H,2-4,7-10H2,1H3/t14-,16+,17+/m1/s1",Dextrorphan O-glucuronide,CN1CCC23CCCCC2C1CC1=C3C=C(OC2OC(C(=O)O)C(O)C(O)C2O)C=C1,YQAUTKINOXBFCA-DCWOAAMISA-N,"UDP-glucuronosyltransferases (UGTs), UDP-glucuronosyltransferase 2B4, UDP-glucuronosyltransferase 2B7, UDP-glucuronosyltransferase 2B15, UDP-glucuronosyltransferase 2B17",0.67,
Albendazole,CCCSC1=CC2=C(C=C1)N=C(NC(=O)OC)N2,HXHWSAZORRCQMX-UHFFFAOYSA-N,albendazole sulfone,CCCS(=O)(=O)C1=CC2=C(C=C1)N=C(N=C(O)OC)N2,CLSJYOLYMZNKJB-UHFFFAOYSA-N,,0.57,
Trandolapril,CCOC(=O)C(CCC1=CC=CC=C1)NC(C)C(=O)N1C(C(=O)O)CC2CCCCC21,VXFJYXUZANRPDJ-WTNASJBWSA-N,Trandolaprilat,CC(NC(CCC1=CC=CC=C1)C(=O)O)C(=O)N1C(C(=O)O)CC2CCCCC21,AHYHTSYNOHNUSH-HXFGRODQSA-N,,0.92,
Carteolol,CC(C)(C)NCC(O)COC1=CC=CC2=C1CCC(=O)N2,LWAFSWPYPHEXKX-UHFFFAOYSA-N,8-Hydroxycarteolol,CC(C)(C)NCC(O)COC1=C2CCC(O)=NC2=C(O)C=C1,TVZJLAKRXHGVOK-UHFFFAOYSA-N,Cytochrome P450 2D6,0.55,
Cyclophosphamide,O=P1(N(CCCl)CCCl)NCCCO1,CMSMOCZEIVJLDB-UHFFFAOYSA-N,4-Hydroxycyclophosphamide,O=P1(N(CCCl)CCCl)NC(O)CCO1,RANONBLIHMVXAJ-UHFFFAOYSA-N,"Cytochrome P450 2C9, Cytochrome P450 3A4, Cytochrome P450 2B6, Cytochrome P450 2C19, Cytochrome P450 3A7",0.76,
Mephenytoin,CCC1(C2=CC=CC=C2)NC(=O)N(C)C1=O,GMHKMTDVRCWUDX-UHFFFAOYSA-N,S-Nirvanol,CCC1(C2=CC=CC=C2)N=C(O)N=C1O,UDTWZFJEMMUFLC-NSHDSACASA-N,Cytochrome P450 2B6,0.34,
Toremifene,CN(C)CCOC1=CC=C(C(=C(CCCl)C2=CC=CC=C2)C2=CC=CC=C2)C=C1,XFCLJVABOIYOMF-QPLCGJKRSA-N,N-desmethyltoremifene,CNCCOC1=CC=C(C(=C(CCCl)C2=CC=CC=C2)C2=CC=CC=C2)C=C1,WKJKBQYEFAFHCY-IZHYLOQSSA-N,Cytochrome P450 3A4,0.98,
Benazepril,CCOC(=O)C(CCC1=CC=CC=C1)NC1CCC2=CC=CC=C2N(CC(=O)O)C1=O,XPCFTKFZXHTYIP-PMACEKPBSA-N,Benazeprilat,O=C(O)CN1C(=O)C(NC(CCC2=CC=CC=C2)C(=O)O)CCC2=CC=CC=C21,"InChI=1S/C22H24N2O5/c25-20(26)14-24-19-9-5-4-8-16(19)11-13-17(21(24)27)23-18(22(28)29)12-10-15-6-2-1-3-7-15/h1-9,17-18,23H,10-14H2,(H,25,26)(H,28,29)/t17-,18-/m0/s1",,0.94,
Amoxapine,ClC1=CC2=C(C=C1)OC1=CC=CC=C1N=C2N1CCNCC1,QWGDMFLQWFTERH-UHFFFAOYSA-N,7-hydroxyamoxapine,OC1=CC2=C(C=C1)N=C(N1CCNCC1)C1=C(C=CC(Cl)=C1)O2,MEUGUMOVYNSGEW-UHFFFAOYSA-N,,0.96,
Adinazolam,CN(C)CC1=NN=C2CN=C(C3=CC=CC=C3)C3=C(C=CC(Cl)=C3)N21,"InChI=1S/C19H18ClN5/c1-24(2)12-18-23-22-17-11-21-19(13-6-4-3-5-7-13)15-10-14(20)8-9-16(15)25(17)18/h3-10H,11-12H2,1-2H3",desmethyladinazolam,NCC1=NN=C2CN=C(C3=CC=CC=C3)C3=C(C=CC(Cl)=C3)N12,IITNCTOGXYNNRY-UHFFFAOYSA-N,"Cytochrome P450 2C19, Cytochrome P450 3A4",0.95,
Zafirlukast,COC1=CC(C(=O)NS(=O)(=O)C2=CC=CC=C2C)=CC=C1CC1=CN(C)C2=C1C=C(NC(=O)OC1CCCC1)C=C2,YEEZWCHGZNKEEK-UHFFFAOYSA-N,Zafirlukast metabolite M5,COC1=C(CC2=CN(CO)C3=C2C=C(NC(=O)OC2CCCC2)C=C3)C=CC(C(=O)NS(=O)(=O)C2=CC=CC=C2C)=C1,HZAQOSFFIGVMDH-UHFFFAOYSA-N,"Cytochrome P450 2C9, Cytochrome P450 3A4",0.98,
Piroxicam,CN1C(C(=O)NC2=NC=CC=C2)=C(O)C2=C(C=CC=C2)S1(=O)=O,QYSPLQLAKJAUJT-UHFFFAOYSA-N,5'-Hydroxypiroxicam,CN1C(C(O)=NC2=NC=C(O)C=C2)=C(O)C2=CC=CC=C2S1(=O)=O,CCKOORANQAQKKV-UHFFFAOYSA-N,Cytochrome P450 2C9,0.69,
Lamotrigine,NC1=NC(N)=C(C2=C(Cl)C(Cl)=CC=C2)N=N1,PYZRQGJRPPTADH-UHFFFAOYSA-N,lamotrigine-2-N-glucuronide,NC1=C(C2=C(Cl)C(Cl)=CC=C2)N=[N+](C2OC(C(=O)O)C(O)C(O)C2O)C(N)=N1,IEVMENHZPOWVGO-XPORZQOISA-O,UDP-glucuronosyltransferases (UGTs),0.48,
Hydroxyzine,OCCOCCN1CCN(C(C2=CC=CC=C2)C2=CC=C(Cl)C=C2)CC1,ZQDWXGKKHFNSQK-UHFFFAOYSA-N,Cetirizine,O=C(O)COCCN1CCN(C(C2=CC=CC=C2)C2=CC=C(Cl)C=C2)CC1,ZKLPARSLTMPFCP-UHFFFAOYSA-N,"Cytochrome P450 3A4, Cytochrome P450 3A5",0.95,
Bosentan,COC1=CC=CC=C1OC1=C(OCCO)N=C(C2=NC=CC=N2)N=C1NS(=O)(=O)C1=CC=C(C(C)(C)C)C=C1,GJPICJJJRGTNOD-UHFFFAOYSA-N,Bosentan metabolite Ro 48-5033,COC1=CC=CC=C1OC1=C(OCCO)N=C(C2=NC=CC=N2)N=C1NS(=O)(=O)C1=CC=C(C(C)(C)CO)C=C1,FAJQMBCLPZWTQJ-UHFFFAOYSA-N,"Cytochrome P450 2C9, Cytochrome P450 3A4",0.98,
Methotrexate,CN(CC1=NC2=C(N)NC(=N)N=C2N=C1)C1=CC=C(C(=O)NC(CCC(=O)O)C(=O)O)C=C1,FBOZXECLQNJBKD-ZDUSSCGKSA-N,7-hydroxymethotrexate,CN(CC1=NC2=C(N)NC(=N)NC2=NC1=O)C1=CC=C(C(=O)NC(CCC(=O)O)C(=O)O)C=C1,HODZDDDNGRLGSI-NSHDSACASA-N,Aldehyde oxidase,0.63,
Carbamazepine,NC(=O)N1C2=CC=CC=C2C=CC2=CC=CC=C21,FFGPTBGBLSHEPO-UHFFFAOYSA-N,"10,11-Epoxycarbamazepine",NC(=O)N1C2=CC=CC=C2C2OC2C2=CC=CC=C21,ZRWWEEVEIOGMMT-UHFFFAOYSA-N,"Cytochrome P450 3A5, Cytochrome P450 3A4, Cytochrome P450 2C8",0.49,
Cisatracurium,COC1=C(OC)C=C(CC2C3=C(C=C(OC)C(OC)=C3)CC[N+]2(C)CCC(=O)OCCCCCOC(=O)CC[N+]2(C)CCC3=C(C=C(OC)C(OC)=C3)C2CC2=CC(OC)=C(OC)C=C2)C=C1,YXSLJKQTIDHPOT-LJCJQEJUSA-N,laudanosine,COC1=C(OC)C=C(CC2C3=CC(OC)=C(OC)C=C3CCN2C)C=C1,KGPAYJZAMGEDIQ-UHFFFAOYSA-N,,0.82,
Cinnarizine,C(=CC1=CC=CC=C1)CN1CCN(C(C2=CC=CC=C2)C2=CC=CC=C2)CC1,"InChI=1S/C26H28N2/c1-4-11-23(12-5-1)13-10-18-27-19-21-28(22-20-27)26(24-14-6-2-7-15-24)25-16-8-3-9-17-25/h1-17,26H,18-22H2/b13-10+",Cinnarizine metabolite M1,C1=CC=C(C(C2=CC=CC=C2)N2CCNCC2)C=C1,NWVNXDKZIQLBNM-UHFFFAOYSA-N,"Cytochrome P450 2C9, Cytochrome P450 1A1, Cytochrome P450 1A2, Cytochrome P450 2A6",0.76,
Vinblastine,CCC1(O)CC2CN(CCC3=C(NC4=C3C=CC=C4)C(C(=O)OC)(C3=C(OC)C=C4C(=C3)C35CCN6CC=CC(CC)(C(OC(C)=O)C(O)(C(=O)OC)C3N4C)C65)C2)C1,JXLYSJRDGCGARV-CFWMRBGOSA-N,Desacetylvinblastine,CCC1(O)CC2CN(CCC3=C(NC4=CC=CC=C34)C(C(=O)OC)(C3=C(OC)C=C4C(=C3)C35CCN6CC=CC(CC)(C(O)C(O)(C(=O)OC)C3N4C)C65)C2)C1,NDMPLJNOPCLANR-CYJJREDESA-N,Cytochrome P450 3A4,0.99,
Fenoprofen,CC(C(=O)O)C1=CC(OC2=CC=CC=C2)=CC=C1,RDJGLLICXDHJDY-UHFFFAOYSA-N,Fenoprofen glucuronide,CC(C(=O)OC1OC(C(=O)O)C(O)C(O)C1O)C1=CC=CC(OC2=CC=CC=C2)=C1,KXAAUVHIGIFUSM-RVLIQFCMSA-N,,0.38,
Fenfluramine,CCNC(C)CC1=CC=CC(C(F)(F)F)=C1,DBGIVFWFUFKIQN-UHFFFAOYSA-N,norfenfluramine,CC(N)CC1=CC(C(F)(F)F)=CC=C1,MLBHFBKZUPLWBD-UHFFFAOYSA-N,"Cytochrome P450 2D6, Cytochrome P450 1A2",0.88,
Clonidine,ClC1=CC=CC(Cl)=C1NC1=NCCN1,GJSURZIOUXUGAL-UHFFFAOYSA-N,4-Hydroxyclonidine,OC1=CC(Cl)=C(NC2=NCCN2)C(Cl)=C1,NTWBRPXHGAXREI-UHFFFAOYSA-N,"Cytochrome P450 2D6, Cytochrome P450 1A2, Cytochrome P450 3A4, Cytochrome P450 1A1, Cytochrome P450 3A5",0.84,
Valaciclovir,CC(C)C(N)C(=O)OCCOCN1C=NC2=C1NC(N)=NC2=O,HDOVUKNUBWVHOX-QMMMGPOBSA-N,Acyclovir,NC1=NC(=O)C2=C(N1)N(COCCO)C=N2,MKUXAQIIEYXACX-UHFFFAOYSA-N,Valacyclovir hydrolase,0.87,
Voriconazole,CC(C1=NC=NC=C1F)C(O)(CN1C=NC=N1)C1=C(F)C=C(F)C=C1,BCEHBSKCWLPMDN-MGPLVRAMSA-N,Voriconazole N-Oxide,CC(C1=C(F)C=[N+]([O-])C=N1)C(O)(CN1C=NC=N1)C1=C(F)C=C(F)C=C1,KPLFPLUCFPRUHU-MGPLVRAMSA-N,"Cytochrome P450 2C9, Cytochrome P450 2C19, Cytochrome P450 3A4, Cytochrome P450 3A5, Cytochrome P450 3A7",0.96,
Levocarnitine,C[N+](C)(C)CC(O)CC(=O)[O-],PHIQHXFUZVPYII-ZCFIWIBFSA-N,[3H]-gamma-Butyrobetaine,C[N+](C)(C)CCCC(=O)O,JHPNVNIEXXLNTR-UHFFFAOYSA-O,,0.63,
Enalapril,CCOC(=O)C(CCC1=CC=CC=C1)NC(C)C(=O)N1CCCC1C(=O)O,GBXSMTUPTTWBMN-XIRDDKMYSA-N,Enalaprilat,CC(NC(CCC1=CC=CC=C1)C(=O)O)C(=O)N1CCCC1C(=O)O,LZFZMUMEGBBDTC-QEJZJMRPSA-N,,0.9,
Nizatidine,CNC(=C[N+](=O)[O-])NCCSCC1=CSC(CN(C)C)=N1,SGXXNSQHWDMGGP-UHFFFAOYSA-N,N2-monodes-methylnizatidine,CNCC1=NC(CSCCNC(=C[N+](=O)[O-])NC)=CS1,QDLSRAPBCBFIQC-UXBLZVDNSA-N,,0.95,
Diclofenac,O=C(O)CC1=CC=CC=C1NC1=C(Cl)C=CC=C1Cl,DCOPUUMXTXDBNB-UHFFFAOYSA-N,4'-Hydroxydiclofenac,O=C(O)CC1=CC=CC=C1NC1=C(Cl)C=C(O)C=C1Cl,KGVXVPRLBMWZLG-UHFFFAOYSA-N,Cytochrome P450 2C9,0.87,
Fluticasone propionate,CCC(=O)OC1(C(=O)SCF)C(C)CC2C3CC(F)C4=CC(=O)C=CC4(C)C3(F)C(O)CC21C,WMWTYOKRWGGJOA-CENSZEJFSA-N,fluticasone 17beta-carboxylic acid,CC1CC2C3CC(F)C4=CC(=O)C=CC4(C)C3(F)C(O)CC2(C)C1(O)C(=O)O,QSVBUQTYFQFEHC-FULJYSEXSA-N,"Cytochrome P450 3A4, Cytochrome P450 3A5, Cytochrome P450 3A7",0.74,
Thiopental,CCCC(C)C1(CC)C(=O)NC(=S)NC1=O,IUJDSEJGGMCXSG-UHFFFAOYSA-N,Pentobarbital,CCCC(C)C1(CC)C(=O)NC(=O)NC1=O,WEXRUCMBJFQVBZ-UHFFFAOYSA-N,,0.74,
Cisapride,COC1=CC(N)=C(Cl)C=C1C(=O)NC1CCN(CCCOC2=CC=C(F)C=C2)CC1OC,DCSUBABJRXZOMT-IRLDBZIGSA-N,norcisapride,COC1=CC(N)=C(Cl)C=C1C(=O)NC1CCNCC1OC,OMLDMGPCWMBPAN-YPMHNXCESA-N,Cytochrome P450 3A4,0.9,
Sulindac,CC1=C(CC(=O)O)C2=CC(F)=CC=C2C1=CC1=CC=C(S(C)=O)C=C1,MLKXDPUZXIRXEP-MFOYZWKCSA-N,Sulindac sulfide,CSC1=CC=C(C=C2C(C)=C(CC(=O)O)C3=C2C=CC(F)=C3)C=C1,LFWHFZJPXXOYNR-MFOYZWKCSA-N,,0.97,
Ethionamide,CCC1=NC=CC(C(N)=S)=C1,AEOCXXJPGCBFJA-UHFFFAOYSA-N,Ethionamide sulphoxide,CCC1=NC=CC(C(N)=S=O)=C1,QDQQNGZRIJPDGA-UHFFFAOYSA-N,,0.87,
Amodiaquine,CCN(CC)CC1=C(O)C=CC(NC2=CC=NC3=CC(Cl)=CC=C23)=C1,"InChI=1S/C20H22ClN3O/c1-3-24(4-2)13-14-11-16(6-8-20(14)25)23-18-9-10-22-19-12-15(21)5-7-17(18)19/h5-12,25H,3-4,13H2,1-2H3,(H,22,23)",desethylamodiaquine,CCNCC1=C(O)C=CC(NC2=CC=NC3=CC(Cl)=CC=C23)=C1,VRXFDHAGFYWGHT-UHFFFAOYSA-N,Cytochrome P450 2C8,0.96,
Rifabutin,COC1C=COC2(C)OC3=C(C2=O)C2=C(C(=O)C(=C4NC5(CCN(CC(C)C)CC5)N=C42)NC(=O)C(C)=CC=CC(C)C(O)C(C)C(O)C(C)C(OC(C)=O)C1C)C(O)=C3C,ATEBXHFBFRCZMA-VXTBVIBXSA-N,27-O-demethylrifabutin,CC(=O)OC1C(C)C(O)C=COC2(C)OC3=C(C2=O)C2=C(C(=O)C(=C4NC5(CCN(CC(C)C)CC5)N=C42)N=C(O)C(C)=CC=CC(C)C(O)C(C)C(O)C1C)C(O)=C3C,BZRNSFHHZZYSST-VBSJQSPRSA-N,Cytochrome P450 3A4,0.95,
Paramethadione,CCC1(C)OC(=O)N(C)C1=O,"InChI=1S/C7H11NO3/c1-4-7(2)5(9)8(3)6(10)11-7/h4H2,1-3H3","5-ethyl-5-methyl-2,4-oxazolidinedione",CCC1(C)OC(=O)N=C1O,MGHNWMRNFGYJKE-UHFFFAOYSA-N,Cytochrome P450 2C9,0.2,
Imatinib,CC1=C(NC2=NC=CC(C3=CN=CC=C3)=N2)C=C(NC(=O)C2=CC=C(CN3CCN(C)CC3)C=C2)C=C1,KTUFNOKKBVMGRW-UHFFFAOYSA-N,AFN911,CN1CCN(CC2=CC=C(C(=O)NC3=CC(NC4=NC=CC(C5=CN=CC=C5)=N4)C(CO)C=C3)C=C2)CC1,JBSTUPHUZMAVFU-UHFFFAOYSA-N,"Cytochrome P450 3A4, Cytochrome P450 1A1, Cytochrome P450 1B1, Cytochrome P450 4F3",0.55,
Testosterone,CC12CCC(=O)C=C1CCC1C2CCC2(C)C(O)CCC12,MUMGGOZAMZWBJJ-DYKIIFRCSA-N,Androstenedione,CC12CCC3C(CCC4=CC(=O)CCC43C)C1CCC2=O,"InChI=1S/C19H26O2/c1-18-9-7-13(20)11-12(18)3-4-14-15-5-6-17(21)19(15,2)10-8-16(14)18/h11,14-16H,3-10H2,1-2H3/t14-,15-,16-,18-,19-/m0/s1","Cytochrome P450 2C19, Cytochrome P450 2C9, Cytochrome P450 3A4",0.7,
Androstenedione,CC12CCC3C(CCC4=CC(=O)CCC43C)C1CCC2=O,"InChI=1S/C19H26O2/c1-18-9-7-13(20)11-12(18)3-4-14-15-5-6-17(21)19(15,2)10-8-16(14)18/h11,14-16H,3-10H2,1-2H3/t14-,15-,16-,18-,19-/m0/s1",Estrone,CC12CCC3C4=C(C=C(O)C=C4)CCC3C1CCC2=O,DNXHEGUUPJUMQT-CBZIJGRNSA-N,Cytochrome P450 19A1,0.31,
Niacin,O=C(O)C1=CN=CC=C1,PVNIIMVLHYAWGP-UHFFFAOYSA-N,Niacinamide,NC(=O)C1=CC=CN=C1,,,0.47,
Clorazepic acid,O=C(O)C1N=C(C2=CC=CC=C2)C2=C(C=CC(Cl)=C2)NC1=O,XDDJGVMJFWAHJX-UHFFFAOYSA-N,Nordazepam,O=C1CN=C(C2=CC=CC=C2)C2=CC(Cl)=CC=C2N1,"InChI=1S/C15H11ClN2O/c16-11-6-7-13-12(8-11)15(17-9-14(19)18-13)10-4-2-1-3-5-10/h1-8H,9H2,(H,18,19)",Cytochrome P450 3A4,0.8,
Nordazepam,O=C1CN=C(C2=CC=CC=C2)C2=CC(Cl)=CC=C2N1,"InChI=1S/C15H11ClN2O/c16-11-6-7-13-12(8-11)15(17-9-14(19)18-13)10-4-2-1-3-5-10/h1-8H,9H2,(H,18,19)",Oxazepam,O=C1NC2=C(C=C(Cl)C=C2)C(C2=CC=CC=C2)=NC1O,ADIMAYPTOBDMTL-UHFFFAOYSA-N,,0.87,
Guanabenz,NC(N)=NN=CC1=C(Cl)C=CC=C1Cl,WDZVGELJXXEGPV-UHFFFAOYSA-N,Guanoxabenz,N=C(NO)NN=CC1=C(Cl)C=CC=C1Cl,"InChI=1S/C8H8Cl2N4O/c9-6-2-1-3-7(10)5(6)4-12-13-8(11)14-15/h1-4,15H,(H3,11,13,14)/b12-4+",Cytochrome P450 1A2,0.66,
Clofarabine,NC1=C2N=CN(C3OC(CO)C(O)C3F)C2=NC(Cl)=N1,WDDPHFBMKLOVOX-AYQXTPAHSA-N,clofarabind-5'-monophosphate,NC1=C2N=CN(C3OC(COP(=O)(O)O)C(O)C3F)C2=NC(Cl)=N1,JEJRVFQHFJDNJN-CQOARYKOSA-N,Deoxycytidine kinase,0.94,
Prednisone,CC12C=CC(=O)C=C1CCC1C2C(=O)CC2(C)C1CCC2(O)C(=O)CO,XOFYZVNMUHMLCC-ZPOLXVRWSA-N,Prednisolone,CC12C=CC(=O)C=C1CCC1C2C(O)CC2(C)C1CCC2(O)C(=O)CO,OIGNJSKKLXVSLS-VWUMJDOOSA-N,Cytochrome P450 3A4,0.83,
Astemizole,COC1=CC=C(CCN2CCC(NC3=NC4=CC=CC=C4N3CC3=CC=C(F)C=C3)CC2)C=C1,GXDALQBWZGODGZ-UHFFFAOYSA-N,Tecastemizole,FC1=CC=C(CN2C(NC3CCNCC3)=NC3=CC=CC=C32)C=C1,"InChI=1S/C19H21FN4/c20-15-7-5-14(6-8-15)13-24-18-4-2-1-3-17(18)23-19(24)22-16-9-11-21-12-10-16/h1-8,16,21H,9-13H2,(H,22,23)",Cytochrome P450 3A4,0.85,
Adenosine,NC1=C2N=CN(C3OC(CO)C(O)C3O)C2=NC=N1,OIRDTQYFTABQOQ-KQYNXXCUSA-N,Adenosine monophosphate,NC1=C2N=CN(C3OC(COP(=O)(O)O)C(O)C3O)C2=NC=N1,UDMBCSSLTHHNCD-KQYNXXCUSA-N,Adenosine kinase,0.93,
Simvastatin,CCC(C)(C)C(=O)OC1CC(C)C=C2C=CC(C)C(CCC3CC(O)CC(=O)O3)C21,RYMZZMVNJRMUDD-HGQWONQESA-N,simvastatin hydroxy acid,CCC(C)(C)C(=O)OC1CC(C)C=C2C=CC(C)C(CCC(O)CC(O)CC(=O)O)C21,XWLXKKNPFMNSFA-HGQWONQESA-N,Cytochrome P450 3A4,0.93,
Mebendazole,COC(=O)NC1=NC2=C(C=C(C(=O)C3=CC=CC=C3)C=C2)N1,OPXLLQIJSORQAM-UHFFFAOYSA-N,2-amino-5-benzoylbenzimidazole,N=C1NC2=C(C=C(C(=O)C3=CC=CC=C3)C=C2)N1,GPMHHSJZGVOEFS-UHFFFAOYSA-N,,0.66,
Leucovorin,NC1=NC2=C(C(=O)N1)N(C=O)C(CNC1=CC=C(C(=O)NC(CCC(=O)O)C(=O)O)C=C1)CN2,VVIAGPKUTFNRDU-ABLWVSNPSA-N,5-Methyltetrahydrofolate,CN1C2=C(N=C(N)NC2=O)NCC1CNC1=CC=C(C(=O)NC(CCC(=O)O)C(=O)O)C=C1,ZNOVTXRBGFNYRX-ZGTCLIOFSA-N,,0.95,
Estrone,CC12CCC3C4=C(C=C(O)C=C4)CCC3C1CCC2=O,DNXHEGUUPJUMQT-CBZIJGRNSA-N,Estrone sulfate,CC12CCC3C4=C(C=C(OS(=O)(=O)O)C=C4)CCC3C1CCC2=O,JKKFKPJIXZFSSB-CBZIJGRNSA-N,,0.83,
Trazodone,O=C1N(CCCN2CCN(C3=CC(Cl)=CC=C3)CC2)N=C2C=CC=CN12,PHLBKPHSAVXXEF-UHFFFAOYSA-N,m-chlorophenylpiperazine (m-CPP) ,ClC1=CC=CC(N2CCNCC2)=C1,VHFVKMTVMIZMIK-UHFFFAOYSA-N,Cytochrome P450 3A4,0.28,
Verapamil,COC1=C(OC)C=C(CCN(C)CCCC(C#N)(C2=CC(OC)=C(OC)C=C2)C(C)C)C=C1,SGTNSNPWRIOYBX-UHFFFAOYSA-N,Verapamil metabolite D-617,CNCCCC(C#N)(C1=CC(OC)=C(OC)C=C1)C(C)C,WLOBUUJURNEQCL-UHFFFAOYSA-N,Cytochrome P450 2C8,0.88,
Epinephrine,CNCC(O)C1=CC(O)=C(O)C=C1,UCTWMZQNUQWSLP-VIFPVBQESA-N,Epinephrine sulfate,CNCC(O)C1=CC(O)=C(OS(=O)(=O)O)C=C1,AELFRHHZGTVYGJ-QMMMGPOBSA-N,,0.66,
Chlorpropamide,CCCNC(=O)NS(=O)(=O)C1=CC=C(Cl)C=C1,RKWGIWYCVPQPMF-UHFFFAOYSA-N,2-Hydroxychlorpropamide,CCCN=C(O)NS(=O)(=O)C1=C(O)C=C(Cl)C=C1,QRXRPQPWKRLTQX-UHFFFAOYSA-N,"Cytochrome P450 2C9, Cytochrome P450 2C19",0.4,
Aprepitant,CC(OC1OCCN(CC2=NNC(=O)N2)C1C1=CC=C(F)C=C1)C1=CC(C(F)(F)F)=CC(C(F)(F)F)=C1,ATALOFNDEOCMKK-OITMNORJSA-N,"(2S,3R)-2-[(1R)-1-[3,5-bis(trifluoromethyl)phenyl]ethoxy]-3-(4-fluorophenyl)morpholine",CC(OC1OCCNC1C1=CC=C(F)C=C1)C1=CC(C(F)(F)F)=CC(C(F)(F)F)=C1,AFBDSAJOMZYQAI-CNOZUTPLSA-N,Cytochrome P450 3A4,0.74,
Tamoxifen,CCC(=C(C1=CC=CC=C1)C1=CC=C(OCCN(C)C)C=C1)C1=CC=CC=C1,NKANXQFJJICGDU-QPLCGJKRSA-N,N-Desmethyltamoxifen,CCC(=C(C1=CC=CC=C1)C1=CC=C(OCCNC)C=C1)C1=CC=CC=C1,NYDCDZSEEAUOHN-IZHYLOQSSA-N,"Cytochrome P450 2D6, Cytochrome P450 1A1, Cytochrome P450 1A2, Cytochrome P450 3A4, Cytochrome P450 1B1, Cytochrome P450 2C9, Cytochrome P450 2C19, Cytochrome P450 3A5",0.98,
Losartan,CCCCC1=NC(Cl)=C(CO)N1CC1=CC=C(C2=CC=CC=C2C2=NNN=N2)C=C1,PSIFNNKUMBGKDQ-UHFFFAOYSA-N,Losartan carboxaldehyde,CCCCC1=NC(Cl)=C(C=O)N1CC1=CC=C(C2=CC=CC=C2C2=NN=NN2)C=C1,FQZSMTSTFMNWQF-UHFFFAOYSA-N,"Cytochrome P450 2C9, Cytochrome P450 3A4",0.86,
Warfarin,CC(=O)CC(C1=CC=CC=C1)C1=C(O)C2=C(C=CC=C2)OC1=O,PJVWKTKQMONHTI-UHFFFAOYSA-N,S-7-Hydroxywarfarin,CC(=O)CC(C1=CC=CC=C1)C1=C(O)OC2=CC(O)=CC=C2C1=O,BQSUFDMOXLLKQK-HNNXBMFYSA-N,Cytochrome P450 2C9,0.66,
Midazolam,CC1=NC=C2CN=C(C3=CC=CC=C3F)C3=C(C=CC(Cl)=C3)N21,DDLIGBOFAVUZHB-UHFFFAOYSA-N,1-hydroxymidazolam,OCC1=NC=C2CN=C(C3=CC=CC=C3F)C3=C(C=CC(Cl)=C3)N21,QHSMEGADRFZVNE-UHFFFAOYSA-N,Cytochrome P450 3A4,0.95,
Mycophenolate mofetil,COC1=C(CC=C(C)CCC(=O)OCCN2CCOCC2)C(O)=C2C(=O)OCC2=C1C,RTGDFNSFWBGLEC-SYZQJQIISA-N,Mycophenolic acid,COC1=C(CC=C(C)CCC(=O)O)C(O)=C2C(=O)OCC2=C1C,HPNSFSBZBAHARI-RUDMXATFSA-N,"Liver carboxylesterase 1, Carboxylic ester hydrolase",0.93,
Flurazepam,CCN(CC)CCN1C(=O)CN=C(C2=CC=CC=C2F)C2=C1C=CC(Cl)=C2,SAADBVWGJQAEFS-UHFFFAOYSA-N,Hydroxyethylflurazepam,CCN(CCO)CCN1C(=O)CN=C(C2=CC=CC=C2F)C2=CC(Cl)=CC=C21,IRYBKIZHCXMFFO-UHFFFAOYSA-N,,0.98,
Moexipril,CCOC(=O)C(CCC1=CC=CC=C1)NC(C)C(=O)N1CC2=CC(OC)=C(OC)C=C2CC1C(=O)O,UWWDHYUMIORJTA-HSQYWUDLSA-N,Moexiprilat,COC1=C(OC)C=C2CN(C(=O)C(C)NC(CCC3=CC=CC=C3)C(=O)O)C(C(=O)O)CC2=C1,CMPAGYDKASJORH-YSSFQJQWSA-N,,0.95,
Furosemide,NS(=O)(=O)C1=C(Cl)C=C(NCC2=CC=CO2)C(C(=O)O)=C1,ZZUFCTLCJUWOSV-UHFFFAOYSA-N,4-chloro-5-sulfamoylanthranilic acid,NC1=CC(Cl)=C(S(N)(=O)=O)C=C1C(=O)O,QQLJBZFXGDHSRU-UHFFFAOYSA-N,,0.75,
Nitrofurantoin,O=C1CN(N=CC2=CC=C([N+](=O)[O-])O2)C(=O)N1,NXFQHRVNIOXGAQ-YCRREMRBSA-N,Aminofurantoin,NC1=CC=C(C=NN2CC(O)=NC2=O)O1,KLJOOBXQOIHZQM-UHFFFAOYSA-N,,0.48,
Nicergoline,COC12CC(COC(=O)C3=CN=CC(Br)=C3)CN(C)C1CC1=CN(C)C3=CC=CC2=C13,"InChI=1S/C24H26BrN3O3/c1-27-13-17-8-21-24(30-3,19-5-4-6-20(27)22(17)19)9-15(12-28(21)2)14-31-23(29)16-7-18(25)11-26-10-16/h4-7,10-11,13,15,21H,8-9,12,14H2,1-3H3/t15-,21-,24+/m1/s1","10-alpha-methoxy-9,10-dihydrolysergol",COC12CC(CO)CN(C)C1CC1=CNC3=CC=CC2=C13,JGQZSBLQHCTAJF-NFXPUDJFSA-N,Cytochrome P450 2D6,0.88,
Naltrexone,O=C1CCC2(O)C3CC4=C5C(=C(O)C=C4)OC1C52CCN3CC1CC1,DQCKKXVULJGBQN-XFWGSAIBSA-N,6-beta-naltrexol,OC1=C2OC3C(O)CCC4(O)C5CC(=C2C34CCN5CC2CC2)C=C1,JLVNEHKORQFVQJ-UHFFFAOYSA-N,,0.93,
Delavirdine,CC(C)NC1=C(N2CCN(C(=O)C3=CC4=C(C=CC(NS(C)(=O)=O)=C4)N3)CC2)N=CC=C1,WHBIGIKBNXZKFE-UHFFFAOYSA-N,N-desalkyl delavirdine,CS(=O)(=O)NC1=CC=C2NC(C(=O)N3CCN(C4=C(N)C=CC=N4)CC3)=CC2=C1,MTEFFPTUUPAKOV-UHFFFAOYSA-N,Cytochrome P450 3A4,0.93,
Lamivudine,NC1=NC(=O)N(C2CSC(CO)O2)C=C1,JTEGQNOMFQHVDC-NKWVEPMBSA-N,Lamivudine sulfoxide,NC1=NC(=O)N(C2CS(=O)C(CO)O2)C=C1,LJMQAXFNQNADRZ-FYZWQCAOSA-N,Sulfotransferase 1A1,0.87,
Diethylcarbamazine,CCN(CC)C(=O)N1CCN(C)CC1,RCKMWOKWVGPNJF-UHFFFAOYSA-N,diethylcarbamazine N-oxide,CCN(CC)C(=O)N1CC[N+](C)([O-])CC1,KAJAFGMERLXELG-UHFFFAOYSA-N,,0.72,
Flurbiprofen,CC(C(=O)O)C1=CC(F)=C(C2=CC=CC=C2)C=C1,SYTBZMRGLBWNTM-UHFFFAOYSA-N,4'-Hydroxyflurbiprofen,CC(C(=O)O)C1=CC(F)=C(C2=CC=C(O)C=C2)C=C1,GTSMMBJBNJDFRA-UHFFFAOYSA-N,Cytochrome P450 2C9,0.92,
Adefovir dipivoxil,CC(C)(C)C(=O)OCOP(=O)(COCCN1C=NC2=C(N)N=CN=C21)OCOC(=O)C(C)(C)C,WOZSCQDILHKSGG-UHFFFAOYSA-N,Adefovir,NC1=C2N=CN(CCOCP(=O)(O)O)C2=NC=N1,SUPKOOSCJHTBAH-UHFFFAOYSA-N,,0.81,
Procaine,CCN(CC)CCOC(=O)C1=CC=C(N)C=C1,MFDFERRIHVXMIY-UHFFFAOYSA-N,para-aminobenzoic acid,NC1=CC=C(C(=O)O)C=C1,ALYNCZNDIQEVRV-UHFFFAOYSA-N,Cholinesterase,0.57,
Nateglinide,CC(C)C1CCC(C(=O)NC(CC2=CC=CC=C2)C(=O)O)CC1,OELFLUMRDSZNSF-BRWVUGGUSA-N,Nateglinide metabolite M2/M3,CC(CO)C1CCC(C(=O)NC(CC2=CC=CC=C2)C(=O)O)CC1,GMHTWYIGIMINLF-OKEQZYBDSA-N,"Cytochrome P450 2C9, Cytochrome P450 3A4",0.96,
Risperidone,CC1=C(CCN2CCC(C3=NOC4=C3C=CC(F)=C4)CC2)C(=O)N2CCCCC2=N1,RAPZEAPATHNIPO-UHFFFAOYSA-N,9-hydroxyrisperidone,CC1=C(CCN2CCC(C3=NOC4=C3C=CC(F)=C4)CC2)C(=O)N2CCCC(O)C2=N1,PMXMIIMHBWHSKN-UHFFFAOYSA-N,Cytochrome P450 2D6,0.94,
Esomeprazole,COC1=CC2=C(C=C1)NC(S(=O)CC1=NC=C(C)C(OC)=C1C)=N2,SUBDBMMJDZJVOS-DEOSSOPVSA-N,Active Metabolite of Esomeprazole,COC1=CC2=C(C=C1)N=C1N2SCC2=C(C)C(OC)=C(C)C=[N+]12,NNKKOITVFGCNKQ-UHFFFAOYSA-N,,0.52,
Hydrocortisone,CC12CCC(=O)C=C1CCC1C2C(O)CC2(C)C1CCC2(O)C(=O)CO,JYGXADMDTFJGBT-VWUMJDOOSA-N,6-beta-hydrocortisol,CC12CCC(=O)C=C1C(O)CC1C2C(O)CC2(C)C1CCC2(O)C(=O)CO,GNFTWPCIRXSCQF-ZWJNAVLBSA-N,Cytochrome P450 3A Subfamily,0.89,
Cortisone,CC12CCC(=O)C=C1CCC1C2C(=O)CC2(C)C1CCC2(O)C(=O)CO,"InChI=1S/C21H28O5/c1-19-7-5-13(23)9-12(19)3-4-14-15-6-8-21(26,17(25)11-22)20(15,2)10-16(24)18(14)19/h9,14-15,18,22,26H,3-8,10-11H2,1-2H3/t14-,15-,18+,19-,20-,21-/m0/s1",Tetrahydrocortisone,CC12CCC(O)CC1CCC1C2C(=O)CC2(C)C1CCC2(O)C(=O)CO,,,0.66,
Mannitol,OCC(O)C(O)C(O)C(O)CO,FBPFZTCFMRRESA-KVTDHHQDSA-N,Glycogen,OCC1OC(OCC2OC(OC3C(CO)OC(O)C(O)C3O)C(O)C(O)C2OC2OC(CO)C(O)C(O)C2O)C(O)C(O)C1O,BYSGBSNPRWKUQH-UJDJLXLFSA-N,,0.23,
Zileuton,CC(C1=CC2=CC=CC=C2S1)N(O)C(N)=O,MWLSOWXNZPKENC-UHFFFAOYSA-N,Hydroxyzileuton,CC(C1=CC2=C(C=C(O)C=C2)S1)N(O)C(=N)O,ZQQVPNNYZLDMMO-UHFFFAOYSA-N,"Cytochrome P450 2C9, Cytochrome P450 1A2",0.63,
Modafinil,NC(=O)CS(=O)C(C1=CC=CC=C1)C1=CC=CC=C1,YFGHCGITMMYXAQ-UHFFFAOYSA-N,modafinil acid,O=C(O)CS(=O)C(C1=CC=CC=C1)C1=CC=CC=C1,QARQPIWTMBRJFX-UHFFFAOYSA-N,Cytochrome P450 3A4,0.79,
Ethotoin,CCN1C(=O)NC(C2=CC=CC=C2)C1=O,SZQIFWWUIBRPBZ-UHFFFAOYSA-N,p-Hydroxyl-ethotoin,CCN1C(=O)NC(C2=CC=C(O)C=C2)C1=O,UUBDNHDPPHJUHB-UHFFFAOYSA-N,,0.93,
Tretinoin,CC(C=CC1=C(C)CCCC1(C)C)=CC=CC(C)=CC(=O)O,SHGAZHPCJJPHSC-YCNIQYBTSA-N,4-Hydroxyretinoic acid,CC(C=CC1=C(C)C(O)CCC1(C)C)=CC=CC(C)=CC(=O)O,KGUMXGDKXYTTEY-FRCNGJHJSA-N,"Cytochrome P450 2C8, Cytochrome P450 3A4, Cytochrome P450 3A5, Cytochrome P450 3A7, Cytochrome P450 2C18, Cytochrome P450 4A11, Cytochrome P450 1A1, Cytochrome P450 2B6",0.75,
Irinotecan,CCC1=C2CN3C(=CC4=C(COC(=O)C4(O)CC)C3=O)C2=NC2=CC=C(OC(=O)N3CCC(N4CCCCC4)CC3)C=C12,UWKQSNNFCGGAFS-XIFFEERXSA-N,SN-38,CCC1=C2C=C(O)C=CC2=NC2=C1CN1C2=CC2=C(COC(=O)C2(O)CC)C1=O,FJHBVJOVLFPMQE-QFIPXVFZSA-N,"Cholinesterase, Liver carboxylesterase 1, Cocaine esterase",0.96,
Mometasone,CC1CC2C3CCC4=CC(=O)C=CC4(C)C3(Cl)C(O)CC2(C)C1(O)C(=O)CCl,"InChI=1S/C22H28Cl2O4/c1-12-8-16-15-5-4-13-9-14(25)6-7-19(13,2)21(15,24)17(26)10-20(16,3)22(12,28)18(27)11-23/h6-7,9,12,15-17,26,28H,4-5,8,10-11H2,1-3H3/t12-,15+,16+,17+,19+,20+,21+,22+/m1/s1",6-beta-hydroxy-mometasone furoate,CC1CC2C3C(O)CC4=CC(=O)C=CC4(C)C3(Cl)C(O)CC2(C)C1(OC(=O)C1=CC=CO1)C(=O)CCl,NVZADOUZVHKHSK-PWHXNIGKSA-N,,0.72,
Olopatadine,CN(C)CCC=C1C2=CC=CC=C2COC2=C1C=C(CC(=O)O)C=C2,JBIMVDZLSHOPLA-LSCVHKIXSA-N,N-desmethyl olopatadine,CNCCC=C1C2=CC=CC=C2COC2=C1C=C(CC(=O)O)C=C2,VQMJUHOJPCPUAM-IDUWFGFVSA-N,Cytochrome P450 3A4,0.99,
Malathion,CCOC(=O)CC(SP(=S)(OC)OC)C(=O)OCC,JXSJBGJIGXNWCI-UHFFFAOYSA-N,Malaoxon,CCOC(=O)CC(SP(=O)(OC)OC)C(=O)OCC,WSORODGWGUUOBO-UHFFFAOYSA-N,,0.65,
Etoposide,COC1=C(O)C(OC)=CC(C2C3=CC4=C(C=C3C(OC3OC5COC(C)OC5C(O)C3O)C3COC(=O)C23)OCO4)=C1,VJJPUSNTGOMMGY-MRVIYFEKSA-N,Etoposide glucuronide,COC1=CC(C2C3=C(C=C4OCOC4=C3)C(OC3OC4COC(C)OC4C(O)C3O)C3COC(=O)C23)=CC(OC)=C1OC1OC(C(=O)O)C(O)C(O)C1O,URCVASXWNJQAEH-UHFFFAOYSA-N,UDP-glucuronosyltransferase 1-1,0.91,
Oxcarbazepine,NC(=O)N1C2=CC=CC=C2CC(=O)C2=C1C=CC=C2,CTRLABGOLIVAIY-UHFFFAOYSA-N,(R)-MHD,NC(=O)N1C2=C(C=CC=C2)CC(O)C2=CC=CC=C21,BMPDWHIDQYTSHX-AWEZNQCLSA-N,"Aldo-keto reductase family 1 member C1, Aldo-keto reductase family 1 member C2, Aldo-keto reductase family 1 member C3, Aldo-keto reductase family 1 member C4",0.64,
Nalidixic acid,CCN1C=C(C(=O)O)C(=O)C2=C1N=C(C)C=C2,MHWLWQUZZRMNGJ-UHFFFAOYSA-N,Hydroxynalidixic acid,CCN1C=C(C(=O)O)C(=O)C2=CC=C(CO)N=C21,FRJDYPGZHOEEKU-UHFFFAOYSA-N,,0.96,
Phenelzine,NNCCC1=CC=CC=C1,RMUCZJUITONUFY-UHFFFAOYSA-N,Phenylacetic acid,O=C(O)CC1=CC=CC=C1,WLJVXDMOQOGPHL-UHFFFAOYSA-N,,0.4,
Phenethylamine,NCCC1=CC=CC=C1,"InChI=1S/C8H11N/c9-7-6-8-4-2-1-3-5-8/h1-5H,6-7,9H2",Phenylacetic acid,O=C(O)CC1=CC=CC=C1,WLJVXDMOQOGPHL-UHFFFAOYSA-N,,0.46,
Estradiol,CC12CCC3C4=C(C=C(O)C=C4)CCC3C1CCC2O,VOXZDWNPVJITMN-ZBRFXRBCSA-N,Estradiol-17beta 3-sulfate,CC12CCC3C4=C(C=C(OS(=O)(=O)O)C=C4)CCC3C1CCC2O,QZIGLSSUDXBTLJ-QGPAGSFOSA-N,UDP-glucuronosyltransferases (UGTs),0.83,
Acyclovir,NC1=NC(=O)C2=C(N1)N(COCCO)C=N2,MKUXAQIIEYXACX-UHFFFAOYSA-N,9-carboxymethoxymethylguanine,N=C1N=C(O)C2=C(N1)N(COCC(=O)O)C=N2,MICNQLKUSOVNNG-UHFFFAOYSA-N,,0.53,
Naproxen,COC1=CC2=C(C=C1)C=C(C(C)C(=O)O)C=C2,CMWTZPSULFXXJA-VIFPVBQESA-N,O-Desmethylnaproxen,CC(C(=O)O)C1=CC2=CC=C(O)C=C2C=C1,XWJUDDGELKXYNO-UHFFFAOYSA-N,"Cytochrome P450 2C9, Cytochrome P450 2C8, Cytochrome P450 1A2",0.91,
Primidone,CCC1(C2=CC=CC=C2)C(=O)NCNC1=O,DQMZLTXERSFNPB-UHFFFAOYSA-N,Phenobarbital,CCC1(C2=CC=CC=C2)C(=O)NC(=O)NC1=O,DDBREPKUVSBGFI-UHFFFAOYSA-N,Cytochrome P450 2C19,0.88,
Sulfasalazine,O=C(O)C1=CC(N=NC2=CC=C(S(=O)(=O)NC3=NC=CC=C3)C=C2)=CC=C1O,NCEXYHBECQHGNR-QZQOTICOSA-N,Mesalazine,NC1=CC(C(=O)O)=C(O)C=C1,KBOPZPXVLCULAV-UHFFFAOYSA-N,,0.4,
Candesartan,CCOC1=NC2=CC=CC(C(=O)O)=C2N1CC1=CC=C(C2=CC=CC=C2C2=NN=NN2)C=C1,"InChI=1S/C24H20N6O3/c1-2-33-24-25-20-9-5-8-19(23(31)32)21(20)30(24)14-15-10-12-16(13-11-15)17-6-3-4-7-18(17)22-26-28-29-27-22/h3-13H,2,14H2,1H3,(H,31,32)(H,26,27,28,29)",O-Deethylated candesartan,O=C(O)C1=C2C(=CC=C1)N=C(O)N2CC1=CC=C(C2=CC=CC=C2C2=NNN=N2)C=C1,KLCPKPIDOPBIQW-UHFFFAOYSA-N,Cytochrome P450 2C9,0.94,
Tazarotene,CCOC(=O)C1=CN=C(C#CC2=CC3=C(C=C2)SCCC3(C)C)C=C1,OGQICQVSFDPSEI-UHFFFAOYSA-N,Tazarotenic acid,CC1(C)CCSC2=C1C=C(C#CC1=NC=C(C(=O)O)C=C1)C=C2,IQIBKLWBVJPOQO-UHFFFAOYSA-N,,0.93,
Alfentanil,CCC(=O)N(C1=CC=CC=C1)C1(COC)CCN(CCN2N=NN(CC)C2=O)CC1,IDBPHNDTYPBSNI-UHFFFAOYSA-N,AMX,CC1=NN(C2=CC(S(=O)(=O)O)=CC=C2)C(=O)C1N=NC1=C(S(=O)(=O)O)C=C(Cl)C(Cl)=C1,UOJXCGAWGJWRNV-FMQUCBEESA-N,Cytochrome P450 3A4,0.36,
Pentoxifylline,CC(=O)CCCCN1C(=O)C2=C(N=CN2C)N(C)C1=O,BYPFEZZEUUWMEJ-UHFFFAOYSA-N,Lisofylline,CC(O)CCCCN1C(=O)C2=C(N=CN2C)N(C)C1=O,"InChI=1S/C13H20N4O3/c1-9(18)6-4-5-7-17-12(19)10-11(14-8-15(10)2)16(3)13(17)20/h8-9,18H,4-7H2,1-3H3/t9-/m1/s1",,0.97,
Indapamide,CC1CC2=CC=CC=C2N1NC(=O)C1=CC(S(N)(=O)=O)=C(Cl)C=C1,NDDAHWYSQHTHNT-UHFFFAOYSA-N,Indapamide metabolite M5,CC1=CC2=CC=CC=C2N1NC(=O)C1=CC(S(N)(=O)=O)=C(Cl)C=C1,LWCDXWWLUHMMJI-UHFFFAOYSA-N,Cytochrome P450 3A4,0.49,
Fentanyl,CCC(=O)N(C1=CC=CC=C1)C1CCN(CCC2=CC=CC=C2)CC1,PJMPHNIQZUBGLI-UHFFFAOYSA-N,norfentanyl,CCC(=O)N(C1=CC=CC=C1)C1CCNCC1,PMCBDBWCQQBSRJ-UHFFFAOYSA-N,Cytochrome P450 3A4,0.78,
Meloxicam,CC1=CN=C(NC(=O)C2=C(O)C3=C(C=CC=C3)S(=O)(=O)N2C)S1,ZRVUJXDFFKFLMG-UHFFFAOYSA-N,5'-hydroxymethyl meloxicam,CN1C(C(O)=NC2=NC=C(CO)S2)=C(O)C2=CC=CC=C2S1(=O)=O,LOOSAJMIEADILV-UHFFFAOYSA-N,,0.69,
Orciprenaline,CC(C)NCC(O)C1=CC(O)=CC(O)=C1,LMOINURANNBYCM-UHFFFAOYSA-N,Orciprenaline-3-O-sulfate,CC(C)NCC(O)C1=CC(O)=CC(OS(=O)(=O)O)=C1,IJWHPUWEGCYHMQ-UHFFFAOYSA-N,,0.65,
Propofol,CC(C)C1=CC=CC(C(C)C)=C1O,OLBCVFGFOZPWHH-UHFFFAOYSA-N,4-Hydroxypropofol,CC(C)C1=CC(O)=CC(C(C)C)=C1O,UFWIJKBKROBWTG-UHFFFAOYSA-N,"Cytochrome P450 2C9, Cytochrome P450 2B6",0.83,
Diazepam,CN1C(=O)CN=C(C2=CC=CC=C2)C2=C1C=CC(Cl)=C2,AAOVKJBEBIDNHE-UHFFFAOYSA-N,desmethyldiazepam,O=C1CN=C(C2=CC=CC=C2)C2=CC(Cl)=CC=C2N1,AKPLHCDWDRPJGD-UHFFFAOYSA-N,,0.87,
Oxazepam,O=C1NC2=C(C=C(Cl)C=C2)C(C2=CC=CC=C2)=NC1O,ADIMAYPTOBDMTL-UHFFFAOYSA-N,Oxazepam glucuronide,O=C(O)C1OC(OC2N=C(C3=CC=CC=C3)C3=C(C=CC(Cl)=C3)N=C2O)C(O)C(O)C1O,FIKQKGFUBZQEBL-IFBJMGMISA-N,"UDP-glucuronosyltransferase 2B15, UDP-glucuronosyltransferase 2B7, UDP-glucuronosyltransferase 1-9",0.47,
Methylphenobarbital,CCC1(C2=CC=CC=C2)C(=O)NC(=O)N(C)C1=O,ALARQZQTBTVLJV-UHFFFAOYSA-N,Phenobarbital,CCC1(C2=CC=CC=C2)C(=O)NC(=O)NC1=O,DDBREPKUVSBGFI-UHFFFAOYSA-N,,0.84,
Terbinafine,CN(CC=CC#CC(C)(C)C)CC1=CC=CC2=CC=CC=C12,DOMXUEMWDBAQBQ-WEVVVXLNSA-N,Terbinafine dihydrodiol derivative (1),CN(CC=CC#CC(C)(C)C)CC1=CC(O)=C(O)C2=CC=CC=C12,BSCJZDRHKPMNFX-WEVVVXLNSA-N,"Cytochrome P450 1A2, Cytochrome P450 2C9, Cytochrome P450 2B6",0.66,
Benzphetamine,CC(CC1=CC=CC=C1)N(C)CC1=CC=CC=C1,YXKTVDFXDRQTKV-HNNXBMFYSA-N,Amphetamine,CC(N)CC1=CC=CC=C1,KWTSXDURSIMDCE-UHFFFAOYSA-N,,0.47,
Alprenolol,C=CCC1=CC=CC=C1OCC(O)CNC(C)C,"InChI=1S/C15H23NO2/c1-4-7-13-8-5-6-9-15(13)18-11-14(17)10-16-12(2)3/h4-6,8-9,12,14,16-17H,1,7,10-11H2,2-3H3",4-hydroxy-alprenolol,C=CCC1=CC(O)=CC=C1OCC(O)CNC(C)C,HNXRWPIZRBNFDD-UHFFFAOYSA-N,,0.9,
Suprofen,CC(C(=O)O)C1=CC=C(C(=O)C2=CC=CS2)C=C1,MDKGKXOCJGEUJW-UHFFFAOYSA-N,Suprofen S-oxide,CC(C(=O)O)C1=CC=C(C(=O)C2=CC=CS2=O)C=C1,BBVYLLCHKPXDCK-UHFFFAOYSA-N,Cytochrome P450 2C9,0.35,
Guaifenesin,COC1=CC=CC=C1OCC(O)CO,HSRJKNPTNIJEKV-UHFFFAOYSA-N,beta-(2-methoxyphenoxy)-lactic acid,COC1=CC=CC=C1OCC(O)C(=O)O,MXVBBOLVTSAHEX-UHFFFAOYSA-N,,0.83,
Quinapril,CCOC(=O)C(CCC1=CC=CC=C1)NC(C)C(=O)N1CC2=CC=CC=C2CC1C(=O)O,JSDRRTOADPPCHY-HSQYWUDLSA-N,Quinaprilat,CC(NC(CCC1=CC=CC=C1)C(=O)O)C(=O)N1CC2=C(C=CC=C2)CC1C(=O)O,FLSLEGPOVLMJMN-YSSFQJQWSA-N,Liver carboxylesterase 1,0.94,
Triazolam,CC1=NN=C2CN=C(C3=CC=CC=C3Cl)C3=C(C=CC(Cl)=C3)N12,JOFWLTCLBGQGBO-UHFFFAOYSA-N,4-hydroxytriazolam,CC1=NN=C2C(O)N=C(C3=CC=CC=C3Cl)C3=C(C=CC(Cl)=C3)N12,YUQRFPYHTPARRM-UHFFFAOYSA-N,Cytochrome P450 3A4,0.89,
Didanosine,O=C1N=CNC2=C1N=CN2C1CCC(CO)O1,BXZVVICBKDXVGW-NKWVEPMBSA-N,Uric acid,O=C1NC(=O)C2=C(N1)NC(=O)N2,LEHOTFFKMJEONL-UHFFFAOYSA-N,,0.35,
Cocaine,COC(=O)C1C(OC(=O)C2=CC=CC=C2)CC2CCC1N2C,ZPUCINDJVBIVPJ-LJISPDSOSA-N,norcocaine,COC(=O)C1C2CCC(CC1C(=O)OC1=CC=CC=C1)N2,RERBBBLSJAMJFJ-UHFFFAOYSA-N,Cytochrome P450 3A4,0.47,
Zonisamide,NS(=O)(=O)CC1=NOC2=CC=CC=C12,UBQNRHZMVUUOMG-UHFFFAOYSA-N,2-sulfamoylacetylphenol,CCC1(O)CC2CN(CCC3=C(NC4=CC=CC=C34)C(C(=O)OC)(C3=C(OC)C=C4C(=C3)C35CCN6CC=CC(CC)(C(O)C(O)(C(=O)OC)C3N4C)C65)C2)C1,NDMPLJNOPCLANR-CYJJREDESA-N,Cytochrome P450 3A4,0.25,
Repaglinide,CCOC1=C(C(=O)O)C=CC(CC(=O)NC(CC(C)C)C2=CC=CC=C2N2CCCCC2)=C1,FAEKWTJYAYMJKF-QHCPKHFHSA-N,hydroxyrepaglinide,CCOC1=C(C(=O)O)C=CC(CC(O)=NC(CC(C)C)C2=CC=CC=C2N2CCCC(O)C2)=C1,OBMAZJVHPAVADF-UHFFFAOYSA-N,Cytochrome P450 2C8,0.69,
Almotriptan,CN(C)CCC1=CNC2=C1C=C(CS(=O)(=O)N1CCCC1)C=C2,WKEMJKQOLOHJLZ-UHFFFAOYSA-N,N-desmethylalmotriptan,CNCCC1=CNC2=C1C=C(CS(=O)(=O)N1CCCC1)C=C2,IREINZNGILEJRP-UHFFFAOYSA-N,"Cytochrome P450 3A4, Cytochrome P450 2D6, Cytochrome P450 1A2, Cytochrome P450 2C19, Cytochrome P450 2E1, Cytochrome P450 2C8",0.99,
Ketotifen,CN1CCC(=C2C3=CC=CC=C3CC(=O)C3=C2C=CS3)CC1,ZCVMWBYGMWKGHF-UHFFFAOYSA-N,Ketotifen-N-glucuronide,C[N+]1(C2OC(C(=O)[O-])C(O)C(O)C2O)CCC(=C2C3=C(C=CC=C3)CC(=O)C3=C2C=CS3)CC1,WLTPAELNPGRIGG-AQTBWJFISA-N,"UDP-glucuronosyltransferase 1-3, UDP-glucuronosyltransferase 1-4, UDP-glucuronosyltransferase 2B10",0.73,
Buprenorphine,COC12CCC3(CC1C(C)(O)C(C)(C)C)C1CC4=CC=C(O)C5=C4C3(CCN1CC1CC1)C2O5,RMRJXGBAOAMLHD-IHFGGWKQSA-N,Norbuprenorphine,COC12CCC3(CC1C(C)(O)C(C)(C)C)C1CC4=C5C(=C(O)C=C4)OC2C53CCN1,YOYLLRBMGQRFTN-IOMBULRVSA-N,"Cytochrome P450 2C9, Cytochrome P450 3A5, Cytochrome P450 2C8, Cytochrome P450 3A4",0.98,
Levosimendan,CC1CC(=O)NN=C1C1=CC=C(NN=C(C#N)C#N)C=C1,"InChI=1S/C14H12N6O/c1-9-6-13(21)19-20-14(9)10-2-4-11(5-3-10)17-18-12(7-15)8-16/h2-5,9,17H,6H2,1H3,(H,19,21)/t9-/m1/s1",OR-1855,CC1CC(=O)NN=C1C1=CC=C(N)C=C1,GDMRFHZLKNYRRO-SSDOTTSWSA-N,,0.86,
Cyclobenzaprine,CN(C)CCC=C1C2=CC=CC=C2C=CC2=CC=CC=C12,JURKNVYFZMSNLP-UHFFFAOYSA-N,desmethylcyclobenzaprine,CNCCC=C1C2=CC=CC=C2C=CC2=CC=CC=C12,XECQQDXTQRYYBH-UHFFFAOYSA-N,"Cytochrome P450 1A2, Cytochrome P450 2D6, Cytochrome P450 3A4",0.98,
Maprotiline,CNCCCC12CCC(C3=CC=CC=C31)C1=CC=CC=C12,QSLMDECMDJKHMQ-UHFFFAOYSA-N,demethylmaprotiline,NCCCC12CCC(C3=CC=CC=C31)C1=CC=CC=C12,IFHUOEQJTQWFGJ-UHFFFAOYSA-N,Cytochrome P450 2D6,0.97,
Salmeterol,OCC1=C(O)C=CC(C(O)CNCCCCCCOCCCCC2=CC=CC=C2)=C1,GIIZNNXWQWCKIB-UHFFFAOYSA-N,alpha-hydroxysalmeterol,OCC1=C(O)C=CC(C(O)CNCCCCCCOCCCC(O)C2=CC=CC=C2)=C1,PGRMEHUQIPZHKM-UHFFFAOYSA-N,Cytochrome P450 3A4,0.94,
Acetylsalicylic acid,CC(=O)OC1=CC=CC=C1C(=O)O,BSYNRYMUTXBXSQ-UHFFFAOYSA-N,Gentisic acid,O=C(O)C1=C(O)C=CC(O)=C1,,Cytochrome P450 2C9,0.5,
Phenprocoumon,CCC(C1=CC=CC=C1)C1=C(O)C2=C(C=CC=C2)OC1=O,"InChI=1S/C18H16O3/c1-2-13(12-8-4-3-5-9-12)16-17(19)14-10-6-7-11-15(14)21-18(16)20/h3-11,13,19H,2H2,1H3",4'-Hydroxy-R-phenprocoumon,CCC(C1=CC=C(O)C=C1)C1=C(O)C2=CC=CC=C2OC1=O,ZPNYHQZRGWFLST-CYBMUJFWSA-N,"Cytochrome P450 2C9, Cytochrome P450 2C8",0.98,
Felbamate,NC(=O)OCC(COC(N)=O)C1=CC=CC=C1,WKGXYQFOCVYPAC-UHFFFAOYSA-N,"2-Phenyl-1,3-propanediol monocarbamate",N=C(O)OCC(CO)C1=CC=CC=C1,JQVQIZWJBLGVRW-UHFFFAOYSA-N,Cytochrome P450 2C19,0.55,
Rizatriptan,CN(C)CCC1=CNC2=C1C=C(CN1C=NC=N1)C=C2,ULFRLSNUDGIQQP-UHFFFAOYSA-N,N-Monodesmethyl Rizatriptan,CN(C)CCC1=CNC2=CC(O)=C(CN3C=NC=N3)C=C12,YQPPJBHQJWSUTE-UHFFFAOYSA-N,,0.81,
Hydrocodone,COC1=C2OC3C(=O)CCC4C5CC(=C2C34CCN5C)C=C1,LLPOLZWFYMWNKH-CMKMFDCUSA-N,Hydromorphone,CN1CCC23C4=C5C=CC(O)=C4OC2C(=O)CCC3C1C5,WVLOADHCBXTIJK-YNHQPCIGSA-N,"Cytochrome P450 2D6, Cytochrome P450 2B6, Cytochrome P450 2C19",0.99,
Zaleplon,CCN(C(C)=O)C1=CC=CC(C2=CC=NC3=C(C#N)C=NN23)=C1,HUNXMJYCHXQEGX-UHFFFAOYSA-N,desethylzaleplon,CCNC1=CC=CC(C2=CC=NC3=C(C#N)C=NN23)=C1,QIBDHPGCTQWVTR-UHFFFAOYSA-N,Cytochrome P450 3A4,0.93,
Methyldopa,CC(N)(CC1=CC=C(O)C(O)=C1)C(=O)O,CJCSPKMFHVPWAR-JTQLQIEISA-N,Alpha-methyldopamine,CC(N)CC1=CC(O)=C(O)C=C1,KSRGADMGIRTXAF-UHFFFAOYSA-N,Aromatic-L-amino-acid decarboxylase,0.66,
,CN1CCCC(N2N=C(CC3=CC=C(Cl)C=C3)C3=CC=CC=C3C2=O)CC1,MBUVEWMHONZEQD-UHFFFAOYSA-N,Desmethylazelastine,O=C1C2=CC=CC=C2C(CC2=CC=C(Cl)C=C2)=NN1C1CCCNCC1,WRYCMIFVXDQIKN-UHFFFAOYSA-N,"Cytochrome P450 3A4, Cytochrome P450 2D6, Cytochrome P450 1A2, Cytochrome P450 2C19",0.98,
Ethinylestradiol,C#CC1(O)CCC2C3CCC4=C(C=CC(O)=C4)C3CCC21C,BFPYWIDHMRZLRN-SLHNCBLASA-N,2-hydroxyethinylestradiol,C#CC1(O)CCC2C3CCC4=CC(O)=C(O)C=C4C3CCC21C,KQJCDKMHNQVWDV-GJRSTEQNSA-N,"Cytochrome P450 3A4, Cytochrome P450 2C8, Cytochrome P450 2C9, Cytochrome P450 1A2, Cytochrome P450 3A5",0.96,
Diphenhydramine,CN(C)CCOC(C1=CC=CC=C1)C1=CC=CC=C1,ZZVUWRFHKOJYTH-UHFFFAOYSA-N,Diphenhydramine N-glucuronide,C[N+](C)(CCOC(C1=CC=CC=C1)C1=CC=CC=C1)C1OC(C(=O)O)C(O)C(O)C1O,OAIGZXXQYIJBLR-VAUIJEFBSA-O,UDP-glucuronosyltransferases (UGTs),0.28,
Dopamine,NCCC1=CC(O)=C(O)C=C1,VYFYYTLLBUKUHU-UHFFFAOYSA-N,6-Hydroxydopamine,NCCC1=C(O)C=C(O)C(O)=C1,DIVDFFZHCJEHGG-UHFFFAOYSA-N,,0.73,
Azathioprine,CN1C=NC([N+](=O)[O-])=C1SC1=NC=NC2=C1NC=N2,LMEKQMALGUDUQG-UHFFFAOYSA-N,6-Mercaptopurine,S=C1N=CNC2=C1NC=N2,GLVAUDGFNGKCSF-UHFFFAOYSA-N,"Glutathione S-transferase Mu 1, Glutathione S-transferase A1, Glutathione S-transferase A2",0.23,
Doxorubicin,COC1=CC=CC2=C1C(=O)C1=C(O)C3=C(CC(O)(C(=O)CO)CC3OC3CC(N)C(O)C(C)O3)C(O)=C1C2=O,AOJJSUZBOXZQNB-TZSSRYMLSA-N,Doxorubicin-semiquinone,COC1=CC=CC2=C1C([O])C1=C(C(O)=C3CC(O)(C(=O)CO)CC(OC4CC(N)C(O)C(C)O4)C3=C1O)C2[O-],YKZNDFRCOGWQLG-UHFFFAOYSA-N,"NADH dehydrogenase [ubiquinone] iron-sulfur protein 2, mitochondrial, NADH dehydrogenase [ubiquinone] iron-sulfur protein 3, mitochondrial, NADH dehydrogenase [ubiquinone] iron-sulfur protein 7, mitochondrial, Nitric oxide synthase, endothelial, Nitric oxide synthase, inducible, Nitric oxide synthase, brain, Xanthine dehydrogenase/oxidase, NAD(P)H dehydrogenase [quinone] 1",0.91,
Frovatriptan,CNC1CCC2=C(C1)C1=C(C=CC(C(N)=O)=C1)N2,XPSQPHWEGNHMSK-SECBINFHSA-N,desmethyl frovatriptan,N=C(O)C1=CC=C2NC3=C(CC(N)CC3)C2=C1,FPYHQGKIVXULKF-DDWIOCJRSA-N,,0.8,
Salbutamol,CC(C)(C)NCC(O)C1=CC(CO)=C(O)C=C1,NDAUXUAQIAJITI-UHFFFAOYSA-N,Salbutamol 4-O-sulfate,CC(C)(C)NCC(O)C1=CC=C(OS(=O)(=O)O)C(CO)=C1,FPMLHYFHLRTRMB-UHFFFAOYSA-N,,0.68,
Ketoprofen,CC(C(=O)O)C1=CC(C(=O)C2=CC=CC=C2)=CC=C1,DKYWVDODHFEZIM-UHFFFAOYSA-N,Ketoprofen glucuronide,CC(C(=O)OC1OC(C(=O)O)C(O)C(O)C1O)C1=CC(C(=O)C2=CC=CC=C2)=CC=C1,PBTXSZZKPHBHMA-LYFYOZKASA-N,,0.43,
Metyrapone,CC(C)(C(=O)C1=CN=CC=C1)C1=CC=CN=C1,FJLBFSROUSIWMA-UHFFFAOYSA-N,Metyrapol,CC(C)(C1=CN=CC=C1)C(O)C1=CN=CC=C1,DDFNHFXLQJLFSX-UHFFFAOYSA-N,,0.5,
Cinacalcet,CC(NCCCC1=CC(C(F)(F)F)=CC=C1)C1=CC=CC2=CC=CC=C12,VDHAWDNDOKGFTD-MRXNPFEDSA-N,Hydrocinnamic acid,O=C(O)CCC1=CC=CC=C1,XMIIGOLPHOKFCH-UHFFFAOYSA-N,,0.19,
Balsalazide,O=C(O)CCNC(=O)C1=CC=C(N=NC2=CC=C(O)C(C(=O)O)=C2)C=C1,IPOKCKJONYRRHP-FMQUCBEESA-N,5-aminosalicylic acid,NC1=CC(C(=O)O)=C(O)C=C1,KBOPZPXVLCULAV-UHFFFAOYSA-N,NADPH azoreductase,0.54,
Sulfamethoxazole,CC1=CC(NS(=O)(=O)C2=CC=C(N)C=C2)=NO1,JLKIGFTWXXRPMT-UHFFFAOYSA-N,5-Hydroxysulfamethoxazole,NC1=CC=C(S(=O)(=O)NC2=NOC(CO)=C2)C=C1,CECJOLRUXWTJHV-UHFFFAOYSA-N,,0.91,
Glyburide,COC1=C(C(=O)NCCC2=CC=C(S(=O)(=O)NC(=O)NC3CCCCC3)C=C2)C=C(Cl)C=C1,ZNNLBTZKUZBEKO-UHFFFAOYSA-N,3-trans-Hydroxycyclohexyl glyburide,COC1=C(C(O)=NCCC2=CC=C(S(=O)(=O)NC(O)=NC3CCCC(O)C3)C=C2)C=C(Cl)C=C1,,"Cytochrome P450 3A4, Cytochrome P450 2C9, Cytochrome P450 2C19, Cytochrome P450 3A7, Cytochrome P450 3A5",0.48,
Isosorbide mononitrate,O=[N+]([O-])OC1COC2C(O)COC12,YWXYYJSYQOXTPL-SLPGGIOYSA-N,Isosorbide,OC1COC2C(O)COC12,KLDXJTOLSGUMSJ-JGWLITMVSA-N,,0.52,
Phylloquinone,CC(=CCC1=C(C)C(=O)C2=C(C=CC=C2)C1=O)CCCC(C)CCCC(C)CCCC(C)C,MBWXNTAXLNYFJB-NKFFZRIASA-N,Menatetrenone,CC(C)=CCCC(C)=CCCC(C)=CCCC(C)=CCC1=C(C)C(=O)C2=CC=CC=C2C1=O,"InChI=1S/C31H40O2/c1-22(2)12-9-13-23(3)14-10-15-24(4)16-11-17-25(5)20-21-27-26(6)30(32)28-18-7-8-19-29(28)31(27)33/h7-8,12,14,16,18-20H,9-11,13,15,17,21H2,1-6H3/b23-14+,24-16+,25-20+",UbiA prenyltransferase domain-containing protein 1,0.96,
Felodipine,CCOC(=O)C1=C(C)NC(C)=C(C(=O)OC)C1C1=C(Cl)C(Cl)=CC=C1,RZTAMFZIAATZDJ-UHFFFAOYSA-N,dehydrofelodipine,CCOC(=O)C1=C(C)N=C(C)C(C(=O)OC)=C1C1=C(Cl)C(Cl)=CC=C1,REQRUBNOOIAHMG-UHFFFAOYSA-N,Cytochrome P450 3A4,0.33,
Mycophenolic acid,COC1=C(CC=C(C)CCC(=O)O)C(O)=C2C(=O)OCC2=C1C,HPNSFSBZBAHARI-RUDMXATFSA-N,6-O-desmethyl-mycophenolic acid,CC(=CCC1=C(O)C(C)=C2COC(=O)C2=C1O)CCC(=O)O,MHSRNZSBNXFMLF-UHFFFAOYSA-N,"Cytochrome P450 2C8, Cytochrome P450 3A4, Cytochrome P450 3A5",0.91,
Irbesartan,CCCCC1=NC2(CCCC2)C(=O)N1CC1=CC=C(C2=CC=CC=C2C2=NNN=N2)C=C1,YOSHYTLCDANDAN-UHFFFAOYSA-N,SR 49498,CCCCC(O)=NC1(C(O)=NCC2=CC=C(C3=CC=CC=C3C3=NNN=N3)C=C2)CCCC1,PAKGYCNZUGIDHV-UHFFFAOYSA-N,Prostaglandin G/H synthase 1,0.5,
Mercaptopurine,S=C1N=CNC2=C1NC=N2,GLVAUDGFNGKCSF-UHFFFAOYSA-N,6-Thioinosine 5'-monophosphate,O=P(O)(O)OCC1OC(N2C=NC3=C2N=CN=C3S)C(O)C1O,ZKRFOXLVOKTUTA-KQYNXXCUSA-N,Hypoxanthine-guanine phosphoribosyltransferase,0.19,
Procainamide,CCN(CC)CCNC(=O)C1=CC=C(N)C=C1,REQCZEXYDRLIBE-UHFFFAOYSA-N,N-Acetyl-3-hydroxyprocainamide,CCN(CC)CCN=C(O)C1=CC(O)=C(N=C(C)O)C=C1,REELIONXYPAEGO-UHFFFAOYSA-N,Cytochrome P450 2D6,0.22,
Tolterodine,CC1=CC(C(CCN(C(C)C)C(C)C)C2=CC=CC=C2)=C(O)C=C1,OOGJQPCLVADCPB-HXUWFJFHSA-N,N-Dealkylated tolterodine,CC1=CC(C(CCNC(C)C)C2=CC=CC=C2)=C(O)C=C1,CPLYUIYTJCFQJD-KRWDZBQOSA-N,"Cytochrome P450 2C9, Cytochrome P450 2C19, Cytochrome P450 3A4",0.95,
Selegiline,C#CCN(C)C(C)CC1=CC=CC=C1,MEZLKOACVSPNER-GFCCVEGCSA-N,Levmetamfetamine,CNC(C)CC1=CC=CC=C1,MYWUZJCMWCOHBA-SECBINFHSA-N,"Cytochrome P450 2B6, Cytochrome P450 2C19, Cytochrome P450 2D6, Cytochrome P450 1A2, Cytochrome P450 2C9, Cytochrome P450 3A4",0.68,
Thalidomide,O=C1CCC(N2C(=O)C3=CC=CC=C3C2=O)C(=O)N1,UEJJHQNACJXSKW-UHFFFAOYSA-N,"cis, trans-5'-Hydroxythalidomide",O=C1NC(=O)C(N2C(=O)C3=CC=CC=C3C2=O)CC1O,HHTOWVWIVBSOKC-UHFFFAOYSA-N,Cytochrome P450 2C19,0.88,
Ibuprofen,CC(C)CC1=CC=C(C(C)C(=O)O)C=C1,HEFNNWSXXWATRW-UHFFFAOYSA-N,Ibuprofen glucuronide,CC(C)CC1=CC=C(C(C)C(=O)OC2OC(C(=O)O)C(O)C(O)C2O)C=C1,ABOLXXZAJIAUGR-JPMMFUSZSA-N,"UDP-glucuronosyltransferase 1-1, UDP-glucuronosyltransferase 1-3, UDP-glucuronosyltransferase 1-9, UDP-glucuronosyltransferase 2B4, UDP-glucuronosyltransferase 2B7",0.29,
Benzylpenicillin,CC1(C)SC2C(NC(=O)CC3=CC=CC=C3)C(=O)N2C1C(=O)O,JGSARLDLIJGVTE-MBNYWOFBSA-N,6-aminopenicillanic acid,CC1(C)SC2C(N)C(=O)N2C1C(=O)O,NGHVIOIJCVXTGV-ALEPSDHESA-N,,0.85,
Oxybutynin,CCN(CC)CC#CCOC(=O)C(O)(C1=CC=CC=C1)C1CCCCC1,XIQVNETUBQGFHX-UHFFFAOYSA-N,N-desethyloxybutynin,CCNCC#CCOC(=O)C(O)(C1=CC=CC=C1)C1CCCCC1,SNIBJKHIKIIGPR-UHFFFAOYSA-N,Cytochrome P450 3A4,0.99,
Melatonin,COC1=CC=C2NC=C(CCNC(C)=O)C2=C1,DRLFMBDRBRZALE-UHFFFAOYSA-N,6-Hydroxymelatonin,COC1=C(O)C=C2NC=C(CCN=C(C)O)C2=C1,OMYMRCXOJJZYKE-UHFFFAOYSA-N,"Cytochrome P450 1A2, Cytochrome P450 1A1, Cytochrome P450 2C19",0.75,
Glipizide,CC1=NC=C(C(=O)NCCC2=CC=C(S(=O)(=O)NC(=O)NC3CCCCC3)C=C2)N=C1,ZJJXGWJIGJFDTL-UHFFFAOYSA-N,3-cis-Hydroxyglipizide,CC1=CN=C(C(=O)NCCC2=CC=C(S(=O)(=O)NC(=O)NC3CCCC(O)C3)C=C2)C=N1,GZLIUWBDTXQVBY-ZYMOGRSISA-N,,0.94,
Perhexiline,C1CCC(C(CC2CCCCN2)C2CCCCC2)CC1,"InChI=1S/C19H35N/c1-3-9-16(10-4-1)19(17-11-5-2-6-12-17)15-18-13-7-8-14-20-18/h16-20H,1-15H2",cis-Hydroxy Perhexiline,OC1CCC(C(CC2CCCCN2)C2CCCCC2)CC1,DZFRYNPJLZCKSC-BTRQGYIVSA-N,,0.8,
Atorvastatin,CC(C)C1=C(C(=O)NC2=CC=CC=C2)C(C2=CC=CC=C2)=C(C2=CC=C(F)C=C2)N1CCC(O)CC(O)CC(=O)O,XUKUURHRXDUEBC-KAYWLYCHSA-N,ortho-hydroxyatorvastatin,CC(C)C1=C(C(O)=NC2=CC=CC=C2O)C(C2=CC=CC=C2)=C(C2=CC=C(F)C=C2)N1CCC(O)CC(O)CC(=O)O,CZBPKFICAYVHHM-UHFFFAOYSA-N,"Cytochrome P450 3A4, Cytochrome P450 3A5",0.78,
Benzocaine,CCOC(=O)C1=CC=C(N)C=C1,BLFLLBZGZJTVJG-UHFFFAOYSA-N,Aminobenzoic acid,NC1=CC=C(C(=O)O)C=C1,ALYNCZNDIQEVRV-UHFFFAOYSA-N,,0.74,
Hesperetin,COC1=C(O)C=C(C2CC(=O)C3=C(O)C=C(O)C=C3O2)C=C1,"InChI=1S/C16H14O6/c1-21-13-3-2-8(4-10(13)18)14-7-12(20)16-11(19)5-9(17)6-15(16)22-14/h2-6,14,17-19H,7H2,1H3/t14-/m0/s1",eriodictyol,O=C1CC(C2=CC(O)=C(O)C=C2)OC2=C1C(O)=CC(O)=C2,SBHXYTNGIZCORC-ZDUSSCGKSA-N,Cytochrome P450 1A2,0.98,
Leflunomide,CC1=C(C(=O)NC2=CC=C(C(F)(F)F)C=C2)C=NO1,VHOGYURTWQBHIL-UHFFFAOYSA-N,A771726,CC(O)=C(C#N)C(=O)NC1=CC=C(C(F)(F)F)C=C1,UTNUDOFZCWSZMS-JXMROGBWSA-N,Cytochrome P450 1A2,0.31,
Rosuvastatin,CC(C)C1=NC(N(C)S(C)(=O)=O)=NC(C2=CC=C(F)C=C2)=C1C=CC(O)CC(O)CC(=O)O,BPRHUIZQVSMCRT-VEUZHWNKSA-N,N-Desmethylrosuvastatin,CC(C)C1=C(C=CC(O)CC(O)CC(=O)O)C(C2=CC=C(F)C=C2)=NC(NS(C)(=O)=O)=N1,,"Cytochrome P450 2C9, Cytochrome P450 2C19",0.93,
Sertraline,CNC1CCC(C2=CC(Cl)=C(Cl)C=C2)C2=CC=CC=C21,VGKDLMBJGBXTGI-SJCJKPOMSA-N,norsertraline,NC1CCC(C2=CC(Cl)=C(Cl)C=C2)C2=CC=CC=C21,SRPXSILJHWNFMK-UHFFFAOYSA-N,"Cytochrome P450 3A4, Cytochrome P450 2D6, Cytochrome P450 2C9, Cytochrome P450 2C19, Cytochrome P450 2B6",0.91,
Nifedipine,COC(=O)C1=C(C)NC(C)=C(C(=O)OC)C1C1=CC=CC=C1[N+](=O)[O-],HYIMSNHJOBLJNT-UHFFFAOYSA-N,dehydronifedipine,COC(=O)C1=C(C2=CC=CC=C2[N+](=O)[O-])C(C(=O)OC)=C(C)N=C1C,UMQHJQGNGLQJPF-UHFFFAOYSA-N,Cytochrome P450 3A4,0.35,
Amiodarone,CCCCC1=C(C(=O)C2=CC(I)=C(OCCN(CC)CC)C(I)=C2)C2=C(C=CC=C2)O1,IYIKLHRQXLHMJQ-UHFFFAOYSA-N,Desethylamiodarone,CCCCC1=C(C(=O)C2=CC(I)=C(OCCNCC)C(I)=C2)C2=CC=CC=C2O1,VXOKDLACQICQFA-UHFFFAOYSA-N,"Cytochrome P450 2C9, Cytochrome P450 1A2, Cytochrome P450 2D6, Cytochrome P450 2C8, Cytochrome P450 3A4",0.99,
Gliclazide,CC1=CC=C(S(=O)(=O)NC(=O)NN2CC3CCCC3C2)C=C1,BOVGTQGAOIONJV-BETUJISGSA-N,7-Î²-Hydroxygliclazide,CC1=CC=C(S(=O)(=O)NC(O)=NN2CC3CC(O)CC3C2)C=C1,JMHDCYDSYHLATB-ITGUQSILSA-N,"Cytochrome P450 2C9, Cytochrome P450 2C19, Cytochrome P450 2C18, Cytochrome P450 2C8",0.51,
Tolbutamide,CCCCNC(=O)NS(=O)(=O)C1=CC=C(C)C=C1,JLRGJRBPOGGCBT-UHFFFAOYSA-N,4-Hydroxy tolbutamide,CCCCNC(=O)NS(=O)(=O)C1=CC=C(CO)C=C1,SJRHYONYKZIRPM-UHFFFAOYSA-N,"Cytochrome P450 2C19, Cytochrome P450 2C9",0.93,
Rabeprazole,COCCCOC1=C(C)C(CS(=O)C2=NC3=CC=CC=C3N2)=NC=C1,YREYEVIYCVEVJK-UHFFFAOYSA-N,Active Metabolite of Rabeprazole,COCCCOC1=C(C)C=[N+]2C3=NC4=C(C=CC=C4)N3SCC2=C1,HGSXCFCOXJLVEZ-UHFFFAOYSA-N,,0.45,
Proguanil,CC(C)NC(=N)NC(=N)NC1=CC=C(Cl)C=C1,SSOLNOMRVKKSON-UHFFFAOYSA-N,cycloguanil,CC1(C)N=C(N)N=C(N)N1C1=CC=C(Cl)C=C1,QMNFFXRFOJIOKZ-UHFFFAOYSA-N,Cytochrome P450 2C19,0.31,
Pioglitazone,CCC1=CN=C(CCOC2=CC=C(CC3SC(=O)NC3=O)C=C2)C=C1,HYAFETHFCAUJAY-UHFFFAOYSA-N,Pioglitazone metabolite M-I,O=C1NC(=O)C(CC2=CC=C(O)C=C2)S1,NKOHRVBBQISBSB-UHFFFAOYSA-N,,0.67,
Carvedilol,COC1=CC=CC=C1OCCNCC(O)COC1=CC=CC2=C1C1=CC=CC=C1N2,OGHNVEJMJSYVRP-UHFFFAOYSA-N,8-Hydroxycarbazolylcarvedilol,COC1=CC=CC=C1OCCNCC(O)COC1=CC=CC2=C1C1=C(N2)C(O)=CC=C1,GPPVNZVFGNMPNR-UHFFFAOYSA-N,"Cytochrome P450 1A2, Cytochrome P450 3A4, Cytochrome P450 1A1",0.91,
Sulfinpyrazone,O=C1C(CCS(=O)C2=CC=CC=C2)C(=O)N(C2=CC=CC=C2)N1C1=CC=CC=C1,MBGGBVCUIVRRBF-UHFFFAOYSA-N,Sulfinpyrazone sulfide,O=C1C(CCSC2=CC=CC=C2)C(=O)N(C2=CC=CC=C2)N1C1=CC=CC=C1,PLGXGMUJUXKCDD-UHFFFAOYSA-N,"Cytochrome P450 2C9, Cytochrome P450 3A4",0.93,
Cefapirin,CC(=O)OCC1=C(C(=O)O)N2C(=O)C(NC(=O)CSC3=CC=NC=C3)C2SC1,"InChI=1S/C17H17N3O6S2/c1-9(21)26-6-10-7-28-16-13(15(23)20(16)14(10)17(24)25)19-12(22)8-27-11-2-4-18-5-3-11/h2-5,13,16H,6-8H2,1H3,(H,19,22)(H,24,25)/t13-,16-/m1/s1",Desacetylcephapirin,O=C(CSC1=CC=NC=C1)NC1C(=O)N2C(C(=O)O)=C(CO)CSC12,IOFHZPVEQXTSQW-UHFFFAOYSA-N,,0.95,
Doxepin,CN(C)CCC=C1C2=CC=CC=C2COC2=CC=CC=C12,ODQWQRRAPPTVAG-UHFFFAOYSA-N,N-desmethyldoxepin,CNCCC=C1C2=CC=CC=C2COC2=CC=CC=C12,HVKCEFHNSNZIHO-YBEGLDIGSA-N,"Cytochrome P450 2D6, Cytochrome P450 2C9, Cytochrome P450 2C19, Cytochrome P450 1A2, Cytochrome P450 3A4",0.99,
Nefazodone,CCC1=NN(CCCN2CCN(C3=CC(Cl)=CC=C3)CC2)C(=O)N1CCOC1=CC=CC=C1,VRBKIVRKKCLPHA-UHFFFAOYSA-N,hydroxynefazodone,CC(O)C1=NN(CCCN2CCN(C3=CC=CC(Cl)=C3)CC2)C(=O)N1CCOC1=CC=CC=C1,VKGQYGXMUUBRBD-UHFFFAOYSA-N,Cytochrome P450 3A4,0.91,
Desipramine,CNCCCN1C2=CC=CC=C2CCC2=CC=CC=C21,HCYAFALTSJYZDH-UHFFFAOYSA-N,2-hydroxydesipramine,CNCCCN1C2=CC=CC=C2CCC2=CC(O)=CC=C21,NVJBOLMRGMDGLD-UHFFFAOYSA-N,Cytochrome P450 2D6,0.86,
Gemifloxacin,CON=C1CN(C2=NC3=C(C=C2F)C(=O)C(C(=O)O)=CN3C2CC2)CC1CN,ZRCVYEYHRGVLOC-HYARGMPZSA-N,N-acetyl gemifloxacin,CON=C1CN(C2=NC3=C(C=C2F)C(=O)C(C(=O)O)=CN3C2CC2)CC1NC(C)=O,ZLRGFKRHAFQIIT-HZHRSRAPSA-N,,0.89,
Bupropion,CC(NC(C)(C)C)C(=O)C1=CC(Cl)=CC=C1,SNPPWIUOZRMYNY-UHFFFAOYSA-N,S-Hydroxybupropion,CC(NC(C)(C)CO)C(=O)C1=CC(Cl)=CC=C1,AKOAEVOSDHIVFX-SECBINFHSA-N,"Cytochrome P450 2B6, Cytochrome P450 2E1, Cytochrome P450 3A4, Cytochrome P450 2C19",0.92,
Halothane,FC(F)(F)C(Cl)Br,BCQZXOMGPXTTIC-UHFFFAOYSA-N,trifluoroacetic acid,O=C(O)C(F)(F)F,DTQVDTLACAAQTR-UHFFFAOYSA-N,Cytochrome P450 2E1,0.19,
Procarbazine,CNNCC1=CC=C(C(=O)NC(C)C)C=C1,CPTBDICYNRMXFX-UHFFFAOYSA-N,N-isopropylterephthalamic acid,CC(C)NC(=O)C1=CC=C(C(=O)O)C=C1,PRCGIFCKPACTDG-UHFFFAOYSA-N,,0.73,
Orphenadrine,CC1=CC=CC=C1C(OCCN(C)C)C1=CC=CC=C1,QVYRGXJJSLMXQH-UHFFFAOYSA-N,N-demethyl orphenadrine,CNCCOC(C1=CC=CC=C1)C1=CC=CC=C1C,PNYKGCPSFKLFKA-UHFFFAOYSA-N,,0.97,
Phenobarbital,CCC1(C2=CC=CC=C2)C(=O)NC(=O)NC1=O,DDBREPKUVSBGFI-UHFFFAOYSA-N,p-Hydroxyphenobarbital,CCC1(C2=CC=C(O)C=C2)C(=O)NC(=O)NC1=O,IEPXMKJNWPXDBP-UHFFFAOYSA-N,"Cytochrome P450 2C9, Cytochrome P450 2C19",0.94,
Ifosfamide,O=P1(NCCCl)OCCCN1CCCl,HOMGKSMUEGBAAB-UHFFFAOYSA-N,3-Dechloroethylifosfamide,O=P1(NCCCl)NCCCO1,DZKGMGPLDJOVCX-UHFFFAOYSA-N,"Cytochrome P450 3A4, Cytochrome P450 3A5, Cytochrome P450 2B6, Cytochrome P450 3A7",0.59,
Propafenone,CCCNCC(O)COC1=C(C(=O)CCC2=CC=CC=C2)C=CC=C1,JWHAUXFOSRPERK-UHFFFAOYSA-N,N-desalkylpropafenone,NCC(O)COC1=CC=CC=C1C(=O)CCC1=CC=CC=C1,HIGKMVIPYOFHBP-UHFFFAOYSA-N,Cytochrome P450 1A2,0.94,
Domperidone,O=C1NC2=CC=CC=C2N1CCCN1CCC(N2C(=O)NC3=C2C=CC(Cl)=C3)CC1,FGXWKSZFVQUSTL-UHFFFAOYSA-N,"5-Chloro-1,3-dihydro-1-(4-piperidinyl)-2H-benzimidazol-2-one",OC1=NC2=C(C=CC(Cl)=C2)N1C1CCNCC1,DOAYWDKFDPSTSV-UHFFFAOYSA-N,Cytochrome P450 3A4,0.7,
Desflurane,FC(F)OC(F)C(F)(F)F,DPYMFVXJLLWWEU-UHFFFAOYSA-N,trifluoroacetic acid,O=C(O)C(F)(F)F,DTQVDTLACAAQTR-UHFFFAOYSA-N,Cytochrome P450 2E1,0.24,
Oxymorphone,CN1CCC23C4=C5C=CC(O)=C4OC2C(=O)CCC3(O)C1C5,UQCNKQCJZOAFTQ-ISWURRPUSA-N,noroxycodone,COC1=C2OC3C(=O)CCC4(O)C5CC(=C2C34CCN5)C=C1,RIKMCJUNPCRFMW-ISWURRPUSA-N,Cytochrome P450 3A4,0.98,
Flecainide,O=C(NCC1CCCCN1)C1=C(OCC(F)(F)F)C=CC(OCC(F)(F)F)=C1,DJBNUMBKLMJRSA-UHFFFAOYSA-N,Meta-O-dealkylated flecainide,O=C(NCC1CCCCN1)C1=CC(O)=CC=C1OCC(F)(F)F,FVJPPEWHZCSTAC-UHFFFAOYSA-N,,0.96,
